時間,降水量(mm),降水量(mm)_觀測狀態,測站氣壓(hPa),測站氣壓(hPa)_觀測狀態,相對濕度(%),相對濕度(%)_觀測狀態,測站代號,氣溫(℃),氣溫(℃)_觀測狀態,平均風風速(m/s),平均風風速(m/s)_觀測狀態,"平均風風向(360 degree)","平均風風向(360 degree)_觀測狀態"
"2025-01-01 00:00:00",0,正常觀測有數據,952.6,正常觀測有數據,96,正常觀測有數據,C0Z220,11,正常觀測有數據,0.9,正常觀測有數據,250,正常觀測有數據
"2025-01-01 01:00:00",0,正常觀測有數據,952.5,正常觀測有數據,92,正常觀測有數據,C0Z220,11,正常觀測有數據,0.7,正常觀測有數據,228,正常觀測有數據
"2025-01-01 02:00:00",0,正常觀測有數據,952,正常觀測有數據,93,正常觀測有數據,C0Z220,11,正常觀測有數據,0.3,正常觀測有數據,229,正常觀測有數據
"2025-01-01 03:00:00",0,正常觀測有數據,951.7,正常觀測有數據,92,正常觀測有數據,C0Z220,11,正常觀測有數據,1.1,正常觀測有數據,239,正常觀測有數據
"2025-01-01 04:00:00",0,正常觀測有數據,951.2,正常觀測有數據,92,正常觀測有數據,C0Z220,11.3,正常觀測有數據,0.5,正常觀測有數據,256,正常觀測有數據
"2025-01-01 05:00:00",0,正常觀測有數據,951.5,正常觀測有數據,95,正常觀測有數據,C0Z220,11.2,正常觀測有數據,0.1,正常觀測有數據,0,正常觀測有數據
"2025-01-01 06:00:00",0,正常觀測有數據,951.9,正常觀測有數據,94,正常觀測有數據,C0Z220,11.3,正常觀測有數據,0.9,正常觀測有數據,283,正常觀測有數據
"2025-01-01 07:00:00",0,正常觀測有數據,952.4,正常觀測有數據,95,正常觀測有數據,C0Z220,11.3,正常觀測有數據,1.2,正常觀測有數據,245,正常觀測有數據
"2025-01-01 08:00:00",0,正常觀測有數據,952.5,正常觀測有數據,93,正常觀測有數據,C0Z220,11.7,正常觀測有數據,1.2,正常觀測有數據,250,正常觀測有數據
"2025-01-01 09:00:00",0,正常觀測有數據,953,正常觀測有數據,93,正常觀測有數據,C0Z220,12,正常觀測有數據,1.3,正常觀測有數據,255,正常觀測有數據
"2025-01-01 10:00:00",0,正常觀測有數據,952.9,正常觀測有數據,83,正常觀測有數據,C0Z220,13.5,正常觀測有數據,0,正常觀測有數據,0,正常觀測有數據
"2025-01-01 11:00:00",0,正常觀測有數據,952.3,正常觀測有數據,81,正常觀測有數據,C0Z220,14.9,正常觀測有數據,0.1,正常觀測有數據,0,正常觀測有數據
"2025-01-01 12:00:00",0,正常觀測有數據,951.2,正常觀測有數據,83,正常觀測有數據,C0Z220,14.9,正常觀測有數據,0.2,正常觀測有數據,0,正常觀測有數據
"2025-01-01 13:00:00",0,正常觀測有數據,950.4,正常觀測有數據,78,正常觀測有數據,C0Z220,15.3,正常觀測有數據,0.6,正常觀測有數據,34,正常觀測有數據
"2025-01-01 14:00:00",0,正常觀測有數據,950,正常觀測有數據,85,正常觀測有數據,C0Z220,14.8,正常觀測有數據,0.3,正常觀測有數據,88,正常觀測有數據
"2025-01-01 15:00:00",0,正常觀測有數據,949.5,正常觀測有數據,80,正常觀測有數據,C0Z220,14.8,正常觀測有數據,0.2,正常觀測有數據,0,正常觀測有數據
"2025-01-01 16:00:00",0,正常觀測有數據,949.9,正常觀測有數據,80,正常觀測有數據,C0Z220,14.5,正常觀測有數據,0.2,正常觀測有數據,0,正常觀測有數據
"2025-01-01 17:00:00",0,正常觀測有數據,950.4,正常觀測有數據,90,正常觀測有數據,C0Z220,13.9,正常觀測有數據,0.6,正常觀測有數據,218,正常觀測有數據
"2025-01-01 18:00:00",0,正常觀測有數據,950.9,正常觀測有數據,90,正常觀測有數據,C0Z220,13.7,正常觀測有數據,0,正常觀測有數據,0,正常觀測有數據
"2025-01-01 19:00:00",0,正常觀測有數據,950.5,正常觀測有數據,89,正常觀測有數據,C0Z220,13.5,正常觀測有數據,1.1,正常觀測有數據,237,正常觀測有數據
"2025-01-01 20:00:00",0,正常觀測有數據,951.1,正常觀測有數據,91,正常觀測有數據,C0Z220,13.6,正常觀測有數據,1.5,正常觀測有數據,259,正常觀測有數據
"2025-01-01 21:00:00",0,正常觀測有數據,951.3,正常觀測有數據,90,正常觀測有數據,C0Z220,13.8,正常觀測有數據,2,正常觀測有數據,261,正常觀測有數據
"2025-01-01 22:00:00",0.5,正常觀測有數據,951.2,正常觀測有數據,97,正常觀測有數據,C0Z220,13.1,正常觀測有數據,2,正常觀測有數據,265,正常觀測有數據
"2025-01-01 23:00:00",0.5,正常觀測有數據,950.9,正常觀測有數據,100,正常觀測有數據,C0Z220,12.9,正常觀測有數據,2,正常觀測有數據,268,正常觀測有數據
"2025-01-02 00:00:00",1,正常觀測有數據,950.5,正常觀測有數據,98,正常觀測有數據,C0Z220,13,正常觀測有數據,1.7,正常觀測有數據,261,正常觀測有數據
"2025-01-02 01:00:00",0,正常觀測有數據,950.4,正常觀測有數據,100,正常觀測有數據,C0Z220,13,正常觀測有數據,2.2,正常觀測有數據,259,正常觀測有數據
"2025-01-02 02:00:00",0,正常觀測有數據,950,正常觀測有數據,100,正常觀測有數據,C0Z220,13.1,正常觀測有數據,2.4,正常觀測有數據,259,正常觀測有數據
"2025-01-02 03:00:00",0,正常觀測有數據,950,正常觀測有數據,95,正常觀測有數據,C0Z220,13.5,正常觀測有數據,2.4,正常觀測有數據,253,正常觀測有數據
"2025-01-02 04:00:00",0.5,正常觀測有數據,949.7,正常觀測有數據,98,正常觀測有數據,C0Z220,13.5,正常觀測有數據,1.1,正常觀測有數據,256,正常觀測有數據
"2025-01-02 05:00:00",0.5,正常觀測有數據,950.2,正常觀測有數據,98,正常觀測有數據,C0Z220,13.7,正常觀測有數據,0.7,正常觀測有數據,256,正常觀測有數據
"2025-01-02 06:00:00",0,正常觀測有數據,950.5,正常觀測有數據,96,正常觀測有數據,C0Z220,14,正常觀測有數據,1.8,正常觀測有數據,257,正常觀測有數據
"2025-01-02 07:00:00",0,正常觀測有數據,951.1,正常觀測有數據,91,正常觀測有數據,C0Z220,14.8,正常觀測有數據,1.4,正常觀測有數據,255,正常觀測有數據
"2025-01-02 08:00:00",0,正常觀測有數據,951.5,正常觀測有數據,98,正常觀測有數據,C0Z220,14.2,正常觀測有數據,1.3,正常觀測有數據,251,正常觀測有數據
"2025-01-02 09:00:00",0,正常觀測有數據,952.6,正常觀測有數據,98,正常觀測有數據,C0Z220,14.6,正常觀測有數據,0.6,正常觀測有數據,214,正常觀測有數據
"2025-01-02 10:00:00",0,正常觀測有數據,952.6,正常觀測有數據,96,正常觀測有數據,C0Z220,15.1,正常觀測有數據,0.2,正常觀測有數據,0,正常觀測有數據
"2025-01-02 11:00:00",0.5,正常觀測有數據,952.1,正常觀測有數據,99,正常觀測有數據,C0Z220,14.9,正常觀測有數據,0.5,正常觀測有數據,83,正常觀測有數據
"2025-01-02 12:00:00",0,正常觀測有數據,951.4,正常觀測有數據,99,正常觀測有數據,C0Z220,15.1,正常觀測有數據,0.6,正常觀測有數據,330,正常觀測有數據
"2025-01-02 13:00:00",0,正常觀測有數據,950.3,正常觀測有數據,98,正常觀測有數據,C0Z220,15.6,正常觀測有數據,0.5,正常觀測有數據,49,正常觀測有數據
"2025-01-02 14:00:00",0,正常觀測有數據,949.7,正常觀測有數據,96,正常觀測有數據,C0Z220,16.2,正常觀測有數據,0.6,正常觀測有數據,91,正常觀測有數據
"2025-01-02 15:00:00",0,正常觀測有數據,949.8,正常觀測有數據,99,正常觀測有數據,C0Z220,15.4,正常觀測有數據,0.3,正常觀測有數據,99,正常觀測有數據
"2025-01-02 16:00:00",0,正常觀測有數據,949.8,正常觀測有數據,100,正常觀測有數據,C0Z220,15.3,正常觀測有數據,0.6,正常觀測有數據,103,正常觀測有數據
"2025-01-02 17:00:00",0,正常觀測有數據,950.3,正常觀測有數據,100,正常觀測有數據,C0Z220,14.8,正常觀測有數據,0.6,正常觀測有數據,237,正常觀測有數據
"2025-01-02 18:00:00",0,正常觀測有數據,950.8,正常觀測有數據,100,正常觀測有數據,C0Z220,14.7,正常觀測有數據,0,正常觀測有數據,0,正常觀測有數據
"2025-01-02 19:00:00",0.5,正常觀測有數據,951.3,正常觀測有數據,100,正常觀測有數據,C0Z220,14.6,正常觀測有數據,1.3,正常觀測有數據,224,正常觀測有數據
"2025-01-02 20:00:00",1,正常觀測有數據,951.2,正常觀測有數據,100,正常觀測有數據,C0Z220,14.7,正常觀測有數據,1,正常觀測有數據,126,正常觀測有數據
"2025-01-02 21:00:00",0.5,正常觀測有數據,951.4,正常觀測有數據,100,正常觀測有數據,C0Z220,14.6,正常觀測有數據,1.2,正常觀測有數據,233,正常觀測有數據
"2025-01-02 22:00:00",0,正常觀測有數據,951.8,正常觀測有數據,100,正常觀測有數據,C0Z220,14.6,正常觀測有數據,0.8,正常觀測有數據,259,正常觀測有數據
"2025-01-02 23:00:00",0.5,正常觀測有數據,951.4,正常觀測有數據,100,正常觀測有數據,C0Z220,14.6,正常觀測有數據,0.9,正常觀測有數據,238,正常觀測有數據
"2025-01-03 00:00:00",0,正常觀測有數據,951.1,正常觀測有數據,100,正常觀測有數據,C0Z220,14.5,正常觀測有數據,0.7,正常觀測有數據,232,正常觀測有數據
"2025-01-03 01:00:00",0,正常觀測有數據,951.1,正常觀測有數據,98,正常觀測有數據,C0Z220,14.6,正常觀測有數據,0.9,正常觀測有數據,255,正常觀測有數據
"2025-01-03 02:00:00",0,正常觀測有數據,950.8,正常觀測有數據,99,正常觀測有數據,C0Z220,14.3,正常觀測有數據,0,正常觀測有數據,0,正常觀測有數據
"2025-01-03 03:00:00",0.5,正常觀測有數據,950.4,正常觀測有數據,98,正常觀測有數據,C0Z220,13.7,正常觀測有數據,0.9,正常觀測有數據,242,正常觀測有數據
"2025-01-03 04:00:00",0,正常觀測有數據,950.1,正常觀測有數據,95,正常觀測有數據,C0Z220,13.8,正常觀測有數據,0.4,正常觀測有數據,223,正常觀測有數據
"2025-01-03 05:00:00",0,正常觀測有數據,950.2,正常觀測有數據,97,正常觀測有數據,C0Z220,13.7,正常觀測有數據,1,正常觀測有數據,241,正常觀測有數據
"2025-01-03 06:00:00",0,正常觀測有數據,950.6,正常觀測有數據,98,正常觀測有數據,C0Z220,13.6,正常觀測有數據,0.4,正常觀測有數據,118,正常觀測有數據
"2025-01-03 07:00:00",0,正常觀測有數據,951.3,正常觀測有數據,100,正常觀測有數據,C0Z220,13.3,正常觀測有數據,0.1,正常觀測有數據,0,正常觀測有數據
"2025-01-03 08:00:00",0,正常觀測有數據,952,正常觀測有數據,100,正常觀測有數據,C0Z220,13.5,正常觀測有數據,0.4,正常觀測有數據,251,正常觀測有數據
"2025-01-03 09:00:00",0,正常觀測有數據,952.5,正常觀測有數據,100,正常觀測有數據,C0Z220,13.5,正常觀測有數據,1,正常觀測有數據,86,正常觀測有數據
"2025-01-03 10:00:00",0,正常觀測有數據,952.7,正常觀測有數據,95,正常觀測有數據,C0Z220,13.9,正常觀測有數據,0.6,正常觀測有數據,57,正常觀測有數據
"2025-01-03 11:00:00",0,正常觀測有數據,952.1,正常觀測有數據,89,正常觀測有數據,C0Z220,14.4,正常觀測有數據,0.8,正常觀測有數據,48,正常觀測有數據
"2025-01-03 12:00:00",0,正常觀測有數據,951.4,正常觀測有數據,91,正常觀測有數據,C0Z220,14.6,正常觀測有數據,0.4,正常觀測有數據,40,正常觀測有數據
"2025-01-03 13:00:00",0,正常觀測有數據,950.7,正常觀測有數據,92,正常觀測有數據,C0Z220,14.3,正常觀測有數據,1,正常觀測有數據,63,正常觀測有數據
"2025-01-03 14:00:00",0,正常觀測有數據,950.7,正常觀測有數據,88,正常觀測有數據,C0Z220,13.9,正常觀測有數據,1,正常觀測有數據,85,正常觀測有數據
"2025-01-03 15:00:00",0,正常觀測有數據,950.9,正常觀測有數據,82,正常觀測有數據,C0Z220,13.7,正常觀測有數據,1.8,正常觀測有數據,260,正常觀測有數據
"2025-01-03 16:00:00",0,正常觀測有數據,951.8,正常觀測有數據,77,正常觀測有數據,C0Z220,13.5,正常觀測有數據,1.7,正常觀測有數據,244,正常觀測有數據
"2025-01-03 17:00:00",0,正常觀測有數據,952.5,正常觀測有數據,72,正常觀測有數據,C0Z220,13.4,正常觀測有數據,4,正常觀測有數據,257,正常觀測有數據
"2025-01-03 18:00:00",0,正常觀測有數據,952.9,正常觀測有數據,72,正常觀測有數據,C0Z220,13.1,正常觀測有數據,3.5,正常觀測有數據,268,正常觀測有數據
"2025-01-03 19:00:00",0,正常觀測有數據,953.4,正常觀測有數據,72,正常觀測有數據,C0Z220,12.9,正常觀測有數據,3.8,正常觀測有數據,260,正常觀測有數據
"2025-01-03 20:00:00",0,正常觀測有數據,953.9,正常觀測有數據,71,正常觀測有數據,C0Z220,12.9,正常觀測有數據,3,正常觀測有數據,264,正常觀測有數據
"2025-01-03 21:00:00",0,正常觀測有數據,954.4,正常觀測有數據,73,正常觀測有數據,C0Z220,12.8,正常觀測有數據,3.1,正常觀測有數據,256,正常觀測有數據
"2025-01-03 22:00:00",0,正常觀測有數據,955.3,正常觀測有數據,75,正常觀測有數據,C0Z220,12.6,正常觀測有數據,1.7,正常觀測有數據,256,正常觀測有數據
"2025-01-03 23:00:00",0,正常觀測有數據,954.6,正常觀測有數據,81,正常觀測有數據,C0Z220,12,正常觀測有數據,1.5,正常觀測有數據,260,正常觀測有數據
"2025-01-04 00:00:00",0,正常觀測有數據,954,正常觀測有數據,84,正常觀測有數據,C0Z220,11.8,正常觀測有數據,1.5,正常觀測有數據,265,正常觀測有數據
"2025-01-04 01:00:00",0,正常觀測有數據,954.2,正常觀測有數據,86,正常觀測有數據,C0Z220,11.7,正常觀測有數據,1.1,正常觀測有數據,259,正常觀測有數據
"2025-01-04 02:00:00",0,正常觀測有數據,953.8,正常觀測有數據,88,正常觀測有數據,C0Z220,11.7,正常觀測有數據,2.1,正常觀測有數據,262,正常觀測有數據
"2025-01-04 03:00:00",0,正常觀測有數據,953.6,正常觀測有數據,86,正常觀測有數據,C0Z220,11.6,正常觀測有數據,1.2,正常觀測有數據,267,正常觀測有數據
"2025-01-04 04:00:00",0,正常觀測有數據,953.8,正常觀測有數據,87,正常觀測有數據,C0Z220,11.3,正常觀測有數據,0.7,正常觀測有數據,264,正常觀測有數據
"2025-01-04 05:00:00",0,正常觀測有數據,953.7,正常觀測有數據,94,正常觀測有數據,C0Z220,11.1,正常觀測有數據,1.8,正常觀測有數據,265,正常觀測有數據
"2025-01-04 06:00:00",0,正常觀測有數據,953.7,正常觀測有數據,86,正常觀測有數據,C0Z220,11.5,正常觀測有數據,1.7,正常觀測有數據,252,正常觀測有數據
"2025-01-04 07:00:00",0,正常觀測有數據,954.6,正常觀測有數據,91,正常觀測有數據,C0Z220,11.5,正常觀測有數據,0.8,正常觀測有數據,259,正常觀測有數據
"2025-01-04 08:00:00",0,正常觀測有數據,955.2,正常觀測有數據,89,正常觀測有數據,C0Z220,11.6,正常觀測有數據,2.3,正常觀測有數據,264,正常觀測有數據
"2025-01-04 09:00:00",0,正常觀測有數據,955.8,正常觀測有數據,87,正常觀測有數據,C0Z220,11.9,正常觀測有數據,1.3,正常觀測有數據,256,正常觀測有數據
"2025-01-04 10:00:00",0,正常觀測有數據,955.9,正常觀測有數據,89,正常觀測有數據,C0Z220,12.5,正常觀測有數據,0.4,正常觀測有數據,258,正常觀測有數據
"2025-01-04 11:00:00",0,正常觀測有數據,955.3,正常觀測有數據,86,正常觀測有數據,C0Z220,12.9,正常觀測有數據,0.4,正常觀測有數據,260,正常觀測有數據
"2025-01-04 12:00:00",0,正常觀測有數據,954.4,正常觀測有數據,87,正常觀測有數據,C0Z220,12.9,正常觀測有數據,1.5,正常觀測有數據,273,正常觀測有數據
"2025-01-04 13:00:00",0,正常觀測有數據,953.3,正常觀測有數據,73,正常觀測有數據,C0Z220,15.1,正常觀測有數據,1.2,正常觀測有數據,252,正常觀測有數據
"2025-01-04 14:00:00",0,正常觀測有數據,952.8,正常觀測有數據,70,正常觀測有數據,C0Z220,15.9,正常觀測有數據,0.3,正常觀測有數據,296,正常觀測有數據
"2025-01-04 15:00:00",0,正常觀測有數據,952.9,正常觀測有數據,81,正常觀測有數據,C0Z220,15.4,正常觀測有數據,0.6,正常觀測有數據,90,正常觀測有數據
"2025-01-04 16:00:00",0,正常觀測有數據,953.2,正常觀測有數據,82,正常觀測有數據,C0Z220,15,正常觀測有數據,0,正常觀測有數據,0,正常觀測有數據
"2025-01-04 17:00:00",0,正常觀測有數據,953.3,正常觀測有數據,86,正常觀測有數據,C0Z220,14.2,正常觀測有數據,0,正常觀測有數據,0,正常觀測有數據
"2025-01-04 18:00:00",0,正常觀測有數據,953.6,正常觀測有數據,91,正常觀測有數據,C0Z220,13.6,正常觀測有數據,0.4,正常觀測有數據,112,正常觀測有數據
"2025-01-04 19:00:00",0,正常觀測有數據,953.9,正常觀測有數據,87,正常觀測有數據,C0Z220,13.5,正常觀測有數據,1.2,正常觀測有數據,267,正常觀測有數據
"2025-01-04 20:00:00",0,正常觀測有數據,954.1,正常觀測有數據,87,正常觀測有數據,C0Z220,13.5,正常觀測有數據,0.7,正常觀測有數據,237,正常觀測有數據
"2025-01-04 21:00:00",0,正常觀測有數據,954.2,正常觀測有數據,88,正常觀測有數據,C0Z220,13.4,正常觀測有數據,0,正常觀測有數據,0,正常觀測有數據
"2025-01-04 22:00:00",0,正常觀測有數據,954.1,正常觀測有數據,93,正常觀測有數據,C0Z220,12.9,正常觀測有數據,0,正常觀測有數據,0,正常觀測有數據
"2025-01-04 23:00:00",0,正常觀測有數據,953.6,正常觀測有數據,96,正常觀測有數據,C0Z220,12.7,正常觀測有數據,1,正常觀測有數據,258,正常觀測有數據
"2025-01-05 00:00:00",0,正常觀測有數據,952.9,正常觀測有數據,92,正常觀測有數據,C0Z220,13,正常觀測有數據,0,正常觀測有數據,0,正常觀測有數據
"2025-01-05 01:00:00",0,正常觀測有數據,952.5,正常觀測有數據,98,正常觀測有數據,C0Z220,12.6,正常觀測有數據,0.9,正常觀測有數據,260,正常觀測有數據
"2025-01-05 02:00:00",0,正常觀測有數據,952.4,正常觀測有數據,92,正常觀測有數據,C0Z220,13.2,正常觀測有數據,1,正常觀測有數據,270,正常觀測有數據
"2025-01-05 03:00:00",0,正常觀測有數據,951.8,正常觀測有數據,93,正常觀測有數據,C0Z220,12.8,正常觀測有數據,2,正常觀測有數據,255,正常觀測有數據
"2025-01-05 04:00:00",0,正常觀測有數據,951.3,正常觀測有數據,87,正常觀測有數據,C0Z220,13.2,正常觀測有數據,0.7,正常觀測有數據,262,正常觀測有數據
"2025-01-05 05:00:00",0,正常觀測有數據,951.7,正常觀測有數據,89,正常觀測有數據,C0Z220,13,正常觀測有數據,0.8,正常觀測有數據,258,正常觀測有數據
"2025-01-05 06:00:00",0,正常觀測有數據,951.9,正常觀測有數據,84,正常觀測有數據,C0Z220,12.9,正常觀測有數據,0.5,正常觀測有數據,325,正常觀測有數據
"2025-01-05 07:00:00",0,正常觀測有數據,952.5,正常觀測有數據,86,正常觀測有數據,C0Z220,12.3,正常觀測有數據,1.6,正常觀測有數據,260,正常觀測有數據
"2025-01-05 08:00:00",0,正常觀測有數據,952.6,正常觀測有數據,84,正常觀測有數據,C0Z220,12.2,正常觀測有數據,2.6,正常觀測有數據,258,正常觀測有數據
"2025-01-05 09:00:00",0,正常觀測有數據,952.8,正常觀測有數據,79,正常觀測有數據,C0Z220,13.8,正常觀測有數據,0.8,正常觀測有數據,264,正常觀測有數據
"2025-01-05 10:00:00",0,正常觀測有數據,952.5,正常觀測有數據,63,正常觀測有數據,C0Z220,17.7,正常觀測有數據,0.7,正常觀測有數據,53,正常觀測有數據
"2025-01-05 11:00:00",0,正常觀測有數據,951.8,正常觀測有數據,68,正常觀測有數據,C0Z220,18.1,正常觀測有數據,0.9,正常觀測有數據,37,正常觀測有數據
"2025-01-05 12:00:00",0,正常觀測有數據,950.7,正常觀測有數據,76,正常觀測有數據,C0Z220,18.1,正常觀測有數據,0.5,正常觀測有數據,64,正常觀測有數據
"2025-01-05 13:00:00",0,正常觀測有數據,949.6,正常觀測有數據,70,正常觀測有數據,C0Z220,19.1,正常觀測有數據,0.7,正常觀測有數據,40,正常觀測有數據
"2025-01-05 14:00:00",0,正常觀測有數據,949,正常觀測有數據,70,正常觀測有數據,C0Z220,19.4,正常觀測有數據,0.6,正常觀測有數據,72,正常觀測有數據
"2025-01-05 15:00:00",0,正常觀測有數據,948.9,正常觀測有數據,67,正常觀測有數據,C0Z220,17.9,正常觀測有數據,0.8,正常觀測有數據,103,正常觀測有數據
"2025-01-05 16:00:00",0,正常觀測有數據,949.4,正常觀測有數據,73,正常觀測有數據,C0Z220,17.1,正常觀測有數據,0.7,正常觀測有數據,106,正常觀測有數據
"2025-01-05 17:00:00",0,正常觀測有數據,949.9,正常觀測有數據,78,正常觀測有數據,C0Z220,16.1,正常觀測有數據,0.4,正常觀測有數據,125,正常觀測有數據
"2025-01-05 18:00:00",0,正常觀測有數據,950.4,正常觀測有數據,80,正常觀測有數據,C0Z220,15.7,正常觀測有數據,0.1,正常觀測有數據,0,正常觀測有數據
"2025-01-05 19:00:00",0,正常觀測有數據,950.5,正常觀測有數據,81,正常觀測有數據,C0Z220,15.4,正常觀測有數據,0.6,正常觀測有數據,234,正常觀測有數據
"2025-01-05 20:00:00",0,正常觀測有數據,950.6,正常觀測有數據,84,正常觀測有數據,C0Z220,15.1,正常觀測有數據,1.5,正常觀測有數據,255,正常觀測有數據
"2025-01-05 21:00:00",0,正常觀測有數據,950.9,正常觀測有數據,82,正常觀測有數據,C0Z220,15.3,正常觀測有數據,1.6,正常觀測有數據,267,正常觀測有數據
"2025-01-05 22:00:00",0,正常觀測有數據,950.7,正常觀測有數據,84,正常觀測有數據,C0Z220,14.8,正常觀測有數據,0.4,正常觀測有數據,246,正常觀測有數據
"2025-01-05 23:00:00",0,正常觀測有數據,950.2,正常觀測有數據,90,正常觀測有數據,C0Z220,13.8,正常觀測有數據,1.8,正常觀測有數據,244,正常觀測有數據
"2025-01-06 00:00:00",0,正常觀測有數據,949.9,正常觀測有數據,83,正常觀測有數據,C0Z220,14.3,正常觀測有數據,0.9,正常觀測有數據,252,正常觀測有數據
"2025-01-06 01:00:00",0,正常觀測有數據,950,正常觀測有數據,86,正常觀測有數據,C0Z220,13.7,正常觀測有數據,1.2,正常觀測有數據,259,正常觀測有數據
"2025-01-06 02:00:00",0,正常觀測有數據,949.6,正常觀測有數據,87,正常觀測有數據,C0Z220,13.3,正常觀測有數據,1.7,正常觀測有數據,269,正常觀測有數據
"2025-01-06 03:00:00",0,正常觀測有數據,949.3,正常觀測有數據,85,正常觀測有數據,C0Z220,13.4,正常觀測有數據,1.1,正常觀測有數據,267,正常觀測有數據
"2025-01-06 04:00:00",0,正常觀測有數據,949.2,正常觀測有數據,86,正常觀測有數據,C0Z220,13.2,正常觀測有數據,1,正常觀測有數據,263,正常觀測有數據
"2025-01-06 05:00:00",0,正常觀測有數據,949.6,正常觀測有數據,88,正常觀測有數據,C0Z220,12.7,正常觀測有數據,0,正常觀測有數據,0,正常觀測有數據
"2025-01-06 06:00:00",0,正常觀測有數據,949.9,正常觀測有數據,90,正常觀測有數據,C0Z220,12.2,正常觀測有數據,2.3,正常觀測有數據,243,正常觀測有數據
"2025-01-06 07:00:00",0,正常觀測有數據,950.4,正常觀測有數據,84,正常觀測有數據,C0Z220,13,正常觀測有數據,2,正常觀測有數據,259,正常觀測有數據
"2025-01-06 08:00:00",0,正常觀測有數據,951.6,正常觀測有數據,88,正常觀測有數據,C0Z220,13.4,正常觀測有數據,1.3,正常觀測有數據,94,正常觀測有數據
"2025-01-06 09:00:00",0,正常觀測有數據,952.4,正常觀測有數據,89,正常觀測有數據,C0Z220,13.7,正常觀測有數據,0.7,正常觀測有數據,79,正常觀測有數據
"2025-01-06 10:00:00",0,正常觀測有數據,952.6,正常觀測有數據,86,正常觀測有數據,C0Z220,14.5,正常觀測有數據,0.8,正常觀測有數據,51,正常觀測有數據
"2025-01-06 11:00:00",0,正常觀測有數據,952.1,正常觀測有數據,76,正常觀測有數據,C0Z220,15.9,正常觀測有數據,1.3,正常觀測有數據,68,正常觀測有數據
"2025-01-06 12:00:00",0,正常觀測有數據,951.5,正常觀測有數據,68,正常觀測有數據,C0Z220,17.4,正常觀測有數據,1.6,正常觀測有數據,68,正常觀測有數據
"2025-01-06 13:00:00",0,正常觀測有數據,950.6,正常觀測有數據,70,正常觀測有數據,C0Z220,17,正常觀測有數據,1.1,正常觀測有數據,50,正常觀測有數據
"2025-01-06 14:00:00",0,正常觀測有數據,950.4,正常觀測有數據,69,正常觀測有數據,C0Z220,17.1,正常觀測有數據,1,正常觀測有數據,17,正常觀測有數據
"2025-01-06 15:00:00",0,正常觀測有數據,950.7,正常觀測有數據,77,正常觀測有數據,C0Z220,13.9,正常觀測有數據,0.5,正常觀測有數據,332,正常觀測有數據
"2025-01-06 16:00:00",0,正常觀測有數據,951.1,正常觀測有數據,79,正常觀測有數據,C0Z220,13,正常觀測有數據,0.4,正常觀測有數據,106,正常觀測有數據
"2025-01-06 17:00:00",0,正常觀測有數據,951.5,正常觀測有數據,80,正常觀測有數據,C0Z220,12.3,正常觀測有數據,0.4,正常觀測有數據,135,正常觀測有數據
"2025-01-06 18:00:00",0,正常觀測有數據,952.2,正常觀測有數據,82,正常觀測有數據,C0Z220,12.1,正常觀測有數據,0,正常觀測有數據,0,正常觀測有數據
"2025-01-06 19:00:00",0,正常觀測有數據,953.1,正常觀測有數據,84,正常觀測有數據,C0Z220,11.9,正常觀測有數據,0.1,正常觀測有數據,0,正常觀測有數據
"2025-01-06 20:00:00",0,正常觀測有數據,953.8,正常觀測有數據,87,正常觀測有數據,C0Z220,11.4,正常觀測有數據,0.8,正常觀測有數據,237,正常觀測有數據
"2025-01-06 21:00:00",0,正常觀測有數據,954.1,正常觀測有數據,84,正常觀測有數據,C0Z220,11.5,正常觀測有數據,1.2,正常觀測有數據,248,正常觀測有數據
"2025-01-06 22:00:00",0,正常觀測有數據,954,正常觀測有數據,77,正常觀測有數據,C0Z220,11.6,正常觀測有數據,0.2,正常觀測有數據,0,正常觀測有數據
"2025-01-06 23:00:00",0,正常觀測有數據,954,正常觀測有數據,77,正常觀測有數據,C0Z220,11.6,正常觀測有數據,0,正常觀測有數據,0,正常觀測有數據
"2025-01-07 00:00:00",0,正常觀測有數據,953.8,正常觀測有數據,76,正常觀測有數據,C0Z220,11.4,正常觀測有數據,0.1,正常觀測有數據,0,正常觀測有數據
"2025-01-07 01:00:00",0,正常觀測有數據,953.7,正常觀測有數據,75,正常觀測有數據,C0Z220,11.4,正常觀測有數據,0,正常觀測有數據,0,正常觀測有數據
"2025-01-07 02:00:00",0,正常觀測有數據,953.5,正常觀測有數據,80,正常觀測有數據,C0Z220,11.2,正常觀測有數據,0.2,正常觀測有數據,0,正常觀測有數據
"2025-01-07 03:00:00",0,正常觀測有數據,953,正常觀測有數據,78,正常觀測有數據,C0Z220,11.1,正常觀測有數據,0.8,正常觀測有數據,235,正常觀測有數據
"2025-01-07 04:00:00",0,正常觀測有數據,952.9,正常觀測有數據,78,正常觀測有數據,C0Z220,10.9,正常觀測有數據,0.4,正常觀測有數據,128,正常觀測有數據
"2025-01-07 05:00:00",0,正常觀測有數據,952.8,正常觀測有數據,80,正常觀測有數據,C0Z220,10.8,正常觀測有數據,0.7,正常觀測有數據,249,正常觀測有數據
"2025-01-07 06:00:00",0,正常觀測有數據,953.2,正常觀測有數據,76,正常觀測有數據,C0Z220,10.8,正常觀測有數據,0,正常觀測有數據,0,正常觀測有數據
"2025-01-07 07:00:00",0,正常觀測有數據,953.5,正常觀測有數據,80,正常觀測有數據,C0Z220,10.8,正常觀測有數據,0,正常觀測有數據,0,正常觀測有數據
"2025-01-07 08:00:00",0,正常觀測有數據,954,正常觀測有數據,82,正常觀測有數據,C0Z220,11.2,正常觀測有數據,0,正常觀測有數據,0,正常觀測有數據
"2025-01-07 09:00:00",0,正常觀測有數據,954.7,正常觀測有數據,80,正常觀測有數據,C0Z220,11.6,正常觀測有數據,0,正常觀測有數據,0,正常觀測有數據
"2025-01-07 10:00:00",0,正常觀測有數據,954.4,正常觀測有數據,75,正常觀測有數據,C0Z220,11.8,正常觀測有數據,0,正常觀測有數據,0,正常觀測有數據
"2025-01-07 11:00:00",0,正常觀測有數據,954,正常觀測有數據,75,正常觀測有數據,C0Z220,12.4,正常觀測有數據,0.3,正常觀測有數據,352,正常觀測有數據
"2025-01-07 12:00:00",0,正常觀測有數據,952.9,正常觀測有數據,69,正常觀測有數據,C0Z220,12.6,正常觀測有數據,0.6,正常觀測有數據,241,正常觀測有數據
"2025-01-07 13:00:00",0,正常觀測有數據,951.9,正常觀測有數據,75,正常觀測有數據,C0Z220,13.1,正常觀測有數據,0.7,正常觀測有數據,74,正常觀測有數據
"2025-01-07 14:00:00",0,正常觀測有數據,951.6,正常觀測有數據,75,正常觀測有數據,C0Z220,13,正常觀測有數據,0.4,正常觀測有數據,71,正常觀測有數據
"2025-01-07 15:00:00",0,正常觀測有數據,951.5,正常觀測有數據,70,正常觀測有數據,C0Z220,13.2,正常觀測有數據,0,正常觀測有數據,0,正常觀測有數據
"2025-01-07 16:00:00",0,正常觀測有數據,952.3,正常觀測有數據,79,正常觀測有數據,C0Z220,12.5,正常觀測有數據,0.1,正常觀測有數據,0,正常觀測有數據
"2025-01-07 17:00:00",0,正常觀測有數據,952.8,正常觀測有數據,82,正常觀測有數據,C0Z220,12,正常觀測有數據,0,正常觀測有數據,0,正常觀測有數據
"2025-01-07 18:00:00",0,正常觀測有數據,953.2,正常觀測有數據,82,正常觀測有數據,C0Z220,11.7,正常觀測有數據,0.8,正常觀測有數據,240,正常觀測有數據
"2025-01-07 19:00:00",0,正常觀測有數據,953.8,正常觀測有數據,80,正常觀測有數據,C0Z220,11.8,正常觀測有數據,0.9,正常觀測有數據,224,正常觀測有數據
"2025-01-07 20:00:00",0,正常觀測有數據,954,正常觀測有數據,85,正常觀測有數據,C0Z220,11.5,正常觀測有數據,0.6,正常觀測有數據,122,正常觀測有數據
"2025-01-07 21:00:00",0,正常觀測有數據,954.1,正常觀測有數據,83,正常觀測有數據,C0Z220,11.4,正常觀測有數據,0,正常觀測有數據,0,正常觀測有數據
"2025-01-07 22:00:00",0,正常觀測有數據,954,正常觀測有數據,84,正常觀測有數據,C0Z220,11.4,正常觀測有數據,0.2,正常觀測有數據,0,正常觀測有數據
"2025-01-07 23:00:00",0,正常觀測有數據,953.7,正常觀測有數據,85,正常觀測有數據,C0Z220,11.4,正常觀測有數據,0.9,正常觀測有數據,246,正常觀測有數據
"2025-01-08 00:00:00",0,正常觀測有數據,953.4,正常觀測有數據,85,正常觀測有數據,C0Z220,11.4,正常觀測有數據,0.4,正常觀測有數據,245,正常觀測有數據
"2025-01-08 01:00:00",0,正常觀測有數據,952.8,正常觀測有數據,86,正常觀測有數據,C0Z220,11.3,正常觀測有數據,0,正常觀測有數據,0,正常觀測有數據
"2025-01-08 02:00:00",0,正常觀測有數據,952.2,正常觀測有數據,90,正常觀測有數據,C0Z220,11,正常觀測有數據,0.1,正常觀測有數據,0,正常觀測有數據
"2025-01-08 03:00:00",0,正常觀測有數據,952.1,正常觀測有數據,86,正常觀測有數據,C0Z220,11.1,正常觀測有數據,0.4,正常觀測有數據,192,正常觀測有數據
"2025-01-08 04:00:00",0,正常觀測有數據,952.1,正常觀測有數據,89,正常觀測有數據,C0Z220,11,正常觀測有數據,0.4,正常觀測有數據,218,正常觀測有數據
"2025-01-08 05:00:00",0,正常觀測有數據,951.9,正常觀測有數據,93,正常觀測有數據,C0Z220,10.7,正常觀測有數據,1.8,正常觀測有數據,254,正常觀測有數據
"2025-01-08 06:00:00",0,正常觀測有數據,952.4,正常觀測有數據,84,正常觀測有數據,C0Z220,11.2,正常觀測有數據,1.8,正常觀測有數據,262,正常觀測有數據
"2025-01-08 07:00:00",0,正常觀測有數據,953.1,正常觀測有數據,85,正常觀測有數據,C0Z220,11.3,正常觀測有數據,1.9,正常觀測有數據,262,正常觀測有數據
"2025-01-08 08:00:00",0,正常觀測有數據,953.4,正常觀測有數據,87,正常觀測有數據,C0Z220,11.4,正常觀測有數據,1.6,正常觀測有數據,251,正常觀測有數據
"2025-01-08 09:00:00",0,正常觀測有數據,953.8,正常觀測有數據,87,正常觀測有數據,C0Z220,11.8,正常觀測有數據,1.1,正常觀測有數據,251,正常觀測有數據
"2025-01-08 10:00:00",0,正常觀測有數據,953.5,正常觀測有數據,83,正常觀測有數據,C0Z220,12.7,正常觀測有數據,0.3,正常觀測有數據,264,正常觀測有數據
"2025-01-08 11:00:00",0,正常觀測有數據,953,正常觀測有數據,82,正常觀測有數據,C0Z220,12.8,正常觀測有數據,1.6,正常觀測有數據,261,正常觀測有數據
"2025-01-08 12:00:00",0,正常觀測有數據,952.2,正常觀測有數據,80,正常觀測有數據,C0Z220,13.3,正常觀測有數據,1.1,正常觀測有數據,271,正常觀測有數據
"2025-01-08 13:00:00",0,正常觀測有數據,950.9,正常觀測有數據,80,正常觀測有數據,C0Z220,13.7,正常觀測有數據,1.4,正常觀測有數據,260,正常觀測有數據
"2025-01-08 14:00:00",0,正常觀測有數據,950.7,正常觀測有數據,81,正常觀測有數據,C0Z220,14.7,正常觀測有數據,0.1,正常觀測有數據,0,正常觀測有數據
"2025-01-08 15:00:00",0,正常觀測有數據,950.8,正常觀測有數據,81,正常觀測有數據,C0Z220,14.3,正常觀測有數據,0.3,正常觀測有數據,113,正常觀測有數據
"2025-01-08 16:00:00",0,正常觀測有數據,951.3,正常觀測有數據,92,正常觀測有數據,C0Z220,14,正常觀測有數據,0.1,正常觀測有數據,0,正常觀測有數據
"2025-01-08 17:00:00",0,正常觀測有數據,952,正常觀測有數據,94,正常觀測有數據,C0Z220,13.3,正常觀測有數據,0,正常觀測有數據,0,正常觀測有數據
"2025-01-08 18:00:00",0,正常觀測有數據,951.9,正常觀測有數據,97,正常觀測有數據,C0Z220,12.9,正常觀測有數據,0.3,正常觀測有數據,251,正常觀測有數據
"2025-01-08 19:00:00",0,正常觀測有數據,953,正常觀測有數據,93,正常觀測有數據,C0Z220,13.2,正常觀測有數據,1.2,正常觀測有數據,260,正常觀測有數據
"2025-01-08 20:00:00",0,正常觀測有數據,953.5,正常觀測有數據,91,正常觀測有數據,C0Z220,13.2,正常觀測有數據,0.9,正常觀測有數據,249,正常觀測有數據
"2025-01-08 21:00:00",0,正常觀測有數據,953.9,正常觀測有數據,89,正常觀測有數據,C0Z220,13.3,正常觀測有數據,1.1,正常觀測有數據,252,正常觀測有數據
"2025-01-08 22:00:00",0,正常觀測有數據,953.8,正常觀測有數據,92,正常觀測有數據,C0Z220,12.7,正常觀測有數據,0,正常觀測有數據,0,正常觀測有數據
"2025-01-08 23:00:00",0,正常觀測有數據,953.8,正常觀測有數據,91,正常觀測有數據,C0Z220,12.8,正常觀測有數據,0.3,正常觀測有數據,211,正常觀測有數據
"2025-01-09 00:00:00",0,正常觀測有數據,953.6,正常觀測有數據,92,正常觀測有數據,C0Z220,12.8,正常觀測有數據,1.2,正常觀測有數據,241,正常觀測有數據
"2025-01-09 01:00:00",0,正常觀測有數據,953.2,正常觀測有數據,91,正常觀測有數據,C0Z220,12.7,正常觀測有數據,1,正常觀測有數據,254,正常觀測有數據
"2025-01-09 02:00:00",0,正常觀測有數據,952.8,正常觀測有數據,88,正常觀測有數據,C0Z220,12.6,正常觀測有數據,1.1,正常觀測有數據,245,正常觀測有數據
"2025-01-09 03:00:00",0,正常觀測有數據,952.9,正常觀測有數據,88,正常觀測有數據,C0Z220,12.6,正常觀測有數據,0,正常觀測有數據,0,正常觀測有數據
"2025-01-09 04:00:00",0,正常觀測有數據,952.6,正常觀測有數據,90,正常觀測有數據,C0Z220,12.5,正常觀測有數據,0.4,正常觀測有數據,288,正常觀測有數據
"2025-01-09 05:00:00",0,正常觀測有數據,952.7,正常觀測有數據,89,正常觀測有數據,C0Z220,12.4,正常觀測有數據,0.1,正常觀測有數據,0,正常觀測有數據
"2025-01-09 06:00:00",0,正常觀測有數據,953.4,正常觀測有數據,94,正常觀測有數據,C0Z220,12.2,正常觀測有數據,0.1,正常觀測有數據,0,正常觀測有數據
"2025-01-09 07:00:00",0,正常觀測有數據,954.1,正常觀測有數據,92,正常觀測有數據,C0Z220,12.3,正常觀測有數據,0.1,正常觀測有數據,0,正常觀測有數據
"2025-01-09 08:00:00",0,正常觀測有數據,954.9,正常觀測有數據,91,正常觀測有數據,C0Z220,12.7,正常觀測有數據,0,正常觀測有數據,0,正常觀測有數據
"2025-01-09 09:00:00",0,正常觀測有數據,955.9,正常觀測有數據,97,正常觀測有數據,C0Z220,12,正常觀測有數據,0.2,正常觀測有數據,0,正常觀測有數據
"2025-01-09 10:00:00",0,正常觀測有數據,956,正常觀測有數據,99,正常觀測有數據,C0Z220,11.6,正常觀測有數據,0.6,正常觀測有數據,88,正常觀測有數據
"2025-01-09 11:00:00",0.5,正常觀測有數據,955.3,正常觀測有數據,99,正常觀測有數據,C0Z220,11.3,正常觀測有數據,0.8,正常觀測有數據,87,正常觀測有數據
"2025-01-09 12:00:00",1,正常觀測有數據,954.9,正常觀測有數據,99,正常觀測有數據,C0Z220,11.4,正常觀測有數據,0,正常觀測有數據,0,正常觀測有數據
"2025-01-09 13:00:00",0,正常觀測有數據,954.3,正常觀測有數據,99,正常觀測有數據,C0Z220,11.1,正常觀測有數據,0.7,正常觀測有數據,105,正常觀測有數據
"2025-01-09 14:00:00",0,正常觀測有數據,953.9,正常觀測有數據,95,正常觀測有數據,C0Z220,11.3,正常觀測有數據,0.2,正常觀測有數據,0,正常觀測有數據
"2025-01-09 15:00:00",0,正常觀測有數據,954,正常觀測有數據,92,正常觀測有數據,C0Z220,11.2,正常觀測有數據,0.2,正常觀測有數據,0,正常觀測有數據
"2025-01-09 16:00:00",0,正常觀測有數據,954.7,正常觀測有數據,90,正常觀測有數據,C0Z220,11.3,正常觀測有數據,0,正常觀測有數據,0,正常觀測有數據
"2025-01-09 17:00:00",0,正常觀測有數據,955.4,正常觀測有數據,87,正常觀測有數據,C0Z220,10.7,正常觀測有數據,1.8,正常觀測有數據,243,正常觀測有數據
"2025-01-09 18:00:00",0,正常觀測有數據,956,正常觀測有數據,87,正常觀測有數據,C0Z220,10.6,正常觀測有數據,1.6,正常觀測有數據,245,正常觀測有數據
"2025-01-09 19:00:00",0,正常觀測有數據,956.5,正常觀測有數據,87,正常觀測有數據,C0Z220,10.7,正常觀測有數據,1.2,正常觀測有數據,253,正常觀測有數據
"2025-01-09 20:00:00",0,正常觀測有數據,957.4,正常觀測有數據,90,正常觀測有數據,C0Z220,10.6,正常觀測有數據,1.4,正常觀測有數據,264,正常觀測有數據
"2025-01-09 21:00:00",0,正常觀測有數據,957.9,正常觀測有數據,91,正常觀測有數據,C0Z220,10.1,正常觀測有數據,1.5,正常觀測有數據,239,正常觀測有數據
"2025-01-09 22:00:00",0,正常觀測有數據,957.9,正常觀測有數據,93,正常觀測有數據,C0Z220,9.9,正常觀測有數據,1.6,正常觀測有數據,259,正常觀測有數據
"2025-01-09 23:00:00",0,正常觀測有數據,958,正常觀測有數據,87,正常觀測有數據,C0Z220,9.8,正常觀測有數據,2.1,正常觀測有數據,256,正常觀測有數據
"2025-01-10 00:00:00",0.5,正常觀測有數據,957.6,正常觀測有數據,81,正常觀測有數據,C0Z220,9.8,正常觀測有數據,2.1,正常觀測有數據,272,正常觀測有數據
"2025-01-10 01:00:00",0,正常觀測有數據,958,正常觀測有數據,83,正常觀測有數據,C0Z220,9.7,正常觀測有數據,1.5,正常觀測有數據,235,正常觀測有數據
"2025-01-10 02:00:00",0,正常觀測有數據,957.6,正常觀測有數據,77,正常觀測有數據,C0Z220,9.9,正常觀測有數據,2.2,正常觀測有數據,250,正常觀測有數據
"2025-01-10 03:00:00",0,正常觀測有數據,957.3,正常觀測有數據,76,正常觀測有數據,C0Z220,9.9,正常觀測有數據,1.7,正常觀測有數據,251,正常觀測有數據
"2025-01-10 04:00:00",0,正常觀測有數據,957.3,正常觀測有數據,73,正常觀測有數據,C0Z220,10.1,正常觀測有數據,3,正常觀測有數據,257,正常觀測有數據
"2025-01-10 05:00:00",0,正常觀測有數據,957.9,正常觀測有數據,75,正常觀測有數據,C0Z220,9.8,正常觀測有數據,2.1,正常觀測有數據,266,正常觀測有數據
"2025-01-10 06:00:00",0,正常觀測有數據,958.4,正常觀測有數據,73,正常觀測有數據,C0Z220,9.6,正常觀測有數據,1.3,正常觀測有數據,241,正常觀測有數據
"2025-01-10 07:00:00",0,正常觀測有數據,959,正常觀測有數據,72,正常觀測有數據,C0Z220,9.5,正常觀測有數據,1.7,正常觀測有數據,243,正常觀測有數據
"2025-01-10 08:00:00",0,正常觀測有數據,959.6,正常觀測有數據,68,正常觀測有數據,C0Z220,9.9,正常觀測有數據,2.3,正常觀測有數據,250,正常觀測有數據
"2025-01-10 09:00:00",0,正常觀測有數據,960.4,正常觀測有數據,68,正常觀測有數據,C0Z220,10.3,正常觀測有數據,2.1,正常觀測有數據,257,正常觀測有數據
"2025-01-10 10:00:00",0,正常觀測有數據,960.3,正常觀測有數據,69,正常觀測有數據,C0Z220,10.9,正常觀測有數據,2.4,正常觀測有數據,272,正常觀測有數據
"2025-01-10 11:00:00",0,正常觀測有數據,959.6,正常觀測有數據,67,正常觀測有數據,C0Z220,12.2,正常觀測有數據,0.4,正常觀測有數據,293,正常觀測有數據
"2025-01-10 12:00:00",0,正常觀測有數據,958.9,正常觀測有數據,74,正常觀測有數據,C0Z220,12,正常觀測有數據,0.7,正常觀測有數據,57,正常觀測有數據
"2025-01-10 13:00:00",0,正常觀測有數據,958.3,正常觀測有數據,79,正常觀測有數據,C0Z220,11.3,正常觀測有數據,0.5,正常觀測有數據,36,正常觀測有數據
"2025-01-10 14:00:00",0,正常觀測有數據,957.9,正常觀測有數據,76,正常觀測有數據,C0Z220,10.9,正常觀測有數據,0.4,正常觀測有數據,22,正常觀測有數據
"2025-01-10 15:00:00",0,正常觀測有數據,957.8,正常觀測有數據,82,正常觀測有數據,C0Z220,10.8,正常觀測有數據,0.6,正常觀測有數據,64,正常觀測有數據
"2025-01-10 16:00:00",0,正常觀測有數據,958.4,正常觀測有數據,87,正常觀測有數據,C0Z220,9.6,正常觀測有數據,0.4,正常觀測有數據,83,正常觀測有數據
"2025-01-10 17:00:00",0,正常觀測有數據,958.8,正常觀測有數據,89,正常觀測有數據,C0Z220,9.3,正常觀測有數據,1.1,正常觀測有數據,257,正常觀測有數據
"2025-01-10 18:00:00",0,正常觀測有數據,959.1,正常觀測有數據,79,正常觀測有數據,C0Z220,9,正常觀測有數據,1.5,正常觀測有數據,264,正常觀測有數據
"2025-01-10 19:00:00",0,正常觀測有數據,959.9,正常觀測有數據,78,正常觀測有數據,C0Z220,9.2,正常觀測有數據,1.2,正常觀測有數據,240,正常觀測有數據
"2025-01-10 20:00:00",0,正常觀測有數據,960.4,正常觀測有數據,76,正常觀測有數據,C0Z220,9.4,正常觀測有數據,2,正常觀測有數據,245,正常觀測有數據
"2025-01-10 21:00:00",0,正常觀測有數據,960.9,正常觀測有數據,76,正常觀測有數據,C0Z220,9.3,正常觀測有數據,1.5,正常觀測有數據,254,正常觀測有數據
"2025-01-10 22:00:00",0,正常觀測有數據,960.9,正常觀測有數據,82,正常觀測有數據,C0Z220,9.1,正常觀測有數據,1.1,正常觀測有數據,244,正常觀測有數據
"2025-01-10 23:00:00",0,正常觀測有數據,960.4,正常觀測有數據,85,正常觀測有數據,C0Z220,8.9,正常觀測有數據,1.4,正常觀測有數據,245,正常觀測有數據
"2025-01-11 00:00:00",0,正常觀測有數據,959.6,正常觀測有數據,82,正常觀測有數據,C0Z220,9,正常觀測有數據,2.4,正常觀測有數據,264,正常觀測有數據
"2025-01-11 01:00:00",0,正常觀測有數據,959.4,正常觀測有數據,85,正常觀測有數據,C0Z220,8.9,正常觀測有數據,1.8,正常觀測有數據,262,正常觀測有數據
"2025-01-11 02:00:00",0,正常觀測有數據,958.9,正常觀測有數據,86,正常觀測有數據,C0Z220,8.8,正常觀測有數據,0.7,正常觀測有數據,246,正常觀測有數據
"2025-01-11 03:00:00",0,正常觀測有數據,959,正常觀測有數據,84,正常觀測有數據,C0Z220,9,正常觀測有數據,0.9,正常觀測有數據,253,正常觀測有數據
"2025-01-11 04:00:00",0,正常觀測有數據,959.1,正常觀測有數據,87,正常觀測有數據,C0Z220,8.8,正常觀測有數據,1.3,正常觀測有數據,260,正常觀測有數據
"2025-01-11 05:00:00",0,正常觀測有數據,959.2,正常觀測有數據,91,正常觀測有數據,C0Z220,8.5,正常觀測有數據,1.6,正常觀測有數據,264,正常觀測有數據
"2025-01-11 06:00:00",0,正常觀測有數據,959.3,正常觀測有數據,94,正常觀測有數據,C0Z220,8.2,正常觀測有數據,1.7,正常觀測有數據,261,正常觀測有數據
"2025-01-11 07:00:00",0.5,正常觀測有數據,959.3,正常觀測有數據,95,正常觀測有數據,C0Z220,8,正常觀測有數據,1.8,正常觀測有數據,255,正常觀測有數據
"2025-01-11 08:00:00",0,正常觀測有數據,959.8,正常觀測有數據,98,正常觀測有數據,C0Z220,8.2,正常觀測有數據,1.8,正常觀測有數據,271,正常觀測有數據
"2025-01-11 09:00:00",0,正常觀測有數據,960.4,正常觀測有數據,96,正常觀測有數據,C0Z220,8.8,正常觀測有數據,1.5,正常觀測有數據,266,正常觀測有數據
"2025-01-11 10:00:00",0,正常觀測有數據,960.5,正常觀測有數據,80,正常觀測有數據,C0Z220,10.2,正常觀測有數據,1.5,正常觀測有數據,255,正常觀測有數據
"2025-01-11 11:00:00",0,正常觀測有數據,959.8,正常觀測有數據,77,正常觀測有數據,C0Z220,11.3,正常觀測有數據,0.2,正常觀測有數據,0,正常觀測有數據
"2025-01-11 12:00:00",0,正常觀測有數據,958.5,正常觀測有數據,83,正常觀測有數據,C0Z220,11.8,正常觀測有數據,0.5,正常觀測有數據,284,正常觀測有數據
"2025-01-11 13:00:00",0,正常觀測有數據,957.6,正常觀測有數據,84,正常觀測有數據,C0Z220,11.4,正常觀測有數據,0.4,正常觀測有數據,32,正常觀測有數據
"2025-01-11 14:00:00",0,正常觀測有數據,957,正常觀測有數據,91,正常觀測有數據,C0Z220,10.8,正常觀測有數據,0.5,正常觀測有數據,37,正常觀測有數據
"2025-01-11 15:00:00",0,正常觀測有數據,956.9,正常觀測有數據,90,正常觀測有數據,C0Z220,10.6,正常觀測有數據,0.7,正常觀測有數據,72,正常觀測有數據
"2025-01-11 16:00:00",0,正常觀測有數據,956.6,正常觀測有數據,93,正常觀測有數據,C0Z220,10.9,正常觀測有數據,0,正常觀測有數據,0,正常觀測有數據
"2025-01-11 17:00:00",0,正常觀測有數據,956.9,正常觀測有數據,93,正常觀測有數據,C0Z220,10.5,正常觀測有數據,0.1,正常觀測有數據,0,正常觀測有數據
"2025-01-11 18:00:00",0,正常觀測有數據,957.1,正常觀測有數據,97,正常觀測有數據,C0Z220,9.8,正常觀測有數據,0.2,正常觀測有數據,0,正常觀測有數據
"2025-01-11 19:00:00",0.5,正常觀測有數據,957.5,正常觀測有數據,95,正常觀測有數據,C0Z220,9.5,正常觀測有數據,2,正常觀測有數據,247,正常觀測有數據
"2025-01-11 20:00:00",0,正常觀測有數據,957.7,正常觀測有數據,99,正常觀測有數據,C0Z220,9.4,正常觀測有數據,1.3,正常觀測有數據,234,正常觀測有數據
"2025-01-11 21:00:00",0,正常觀測有數據,957.6,正常觀測有數據,95,正常觀測有數據,C0Z220,9.4,正常觀測有數據,1.6,正常觀測有數據,249,正常觀測有數據
"2025-01-11 22:00:00",0,正常觀測有數據,957.5,正常觀測有數據,96,正常觀測有數據,C0Z220,9.6,正常觀測有數據,1.5,正常觀測有數據,272,正常觀測有數據
"2025-01-11 23:00:00",0,正常觀測有數據,957.5,正常觀測有數據,91,正常觀測有數據,C0Z220,9.8,正常觀測有數據,1.9,正常觀測有數據,266,正常觀測有數據
"2025-01-12 00:00:00",0,正常觀測有數據,957.1,正常觀測有數據,92,正常觀測有數據,C0Z220,9.7,正常觀測有數據,1.1,正常觀測有數據,256,正常觀測有數據
"2025-01-12 01:00:00",0,正常觀測有數據,956.7,正常觀測有數據,91,正常觀測有數據,C0Z220,9.7,正常觀測有數據,0.8,正常觀測有數據,267,正常觀測有數據
"2025-01-12 02:00:00",0,正常觀測有數據,956.1,正常觀測有數據,92,正常觀測有數據,C0Z220,9.6,正常觀測有數據,0.7,正常觀測有數據,244,正常觀測有數據
"2025-01-12 03:00:00",0,正常觀測有數據,955.7,正常觀測有數據,93,正常觀測有數據,C0Z220,9.5,正常觀測有數據,0.6,正常觀測有數據,262,正常觀測有數據
"2025-01-12 04:00:00",0,正常觀測有數據,955.6,正常觀測有數據,92,正常觀測有數據,C0Z220,9.6,正常觀測有數據,0,正常觀測有數據,0,正常觀測有數據
"2025-01-12 05:00:00",0,正常觀測有數據,955.9,正常觀測有數據,94,正常觀測有數據,C0Z220,9.5,正常觀測有數據,0.3,正常觀測有數據,99,正常觀測有數據
"2025-01-12 06:00:00",0,正常觀測有數據,956.2,正常觀測有數據,93,正常觀測有數據,C0Z220,9.3,正常觀測有數據,0,正常觀測有數據,0,正常觀測有數據
"2025-01-12 07:00:00",0,正常觀測有數據,956.5,正常觀測有數據,95,正常觀測有數據,C0Z220,9.3,正常觀測有數據,1.3,正常觀測有數據,247,正常觀測有數據
"2025-01-12 08:00:00",0,正常觀測有數據,956.8,正常觀測有數據,97,正常觀測有數據,C0Z220,9.7,正常觀測有數據,0.1,正常觀測有數據,0,正常觀測有數據
"2025-01-12 09:00:00",0,正常觀測有數據,957.7,正常觀測有數據,85,正常觀測有數據,C0Z220,12.5,正常觀測有數據,0.4,正常觀測有數據,33,正常觀測有數據
"2025-01-12 10:00:00",0,正常觀測有數據,957.6,正常觀測有數據,89,正常觀測有數據,C0Z220,10.9,正常觀測有數據,1.5,正常觀測有數據,86,正常觀測有數據
"2025-01-12 11:00:00",0,正常觀測有數據,957.4,正常觀測有數據,74,正常觀測有數據,C0Z220,13.6,正常觀測有數據,0.6,正常觀測有數據,38,正常觀測有數據
"2025-01-12 12:00:00",0,正常觀測有數據,956.3,正常觀測有數據,68,正常觀測有數據,C0Z220,14.7,正常觀測有數據,1,正常觀測有數據,47,正常觀測有數據
"2025-01-12 13:00:00",0,正常觀測有數據,955.6,正常觀測有數據,70,正常觀測有數據,C0Z220,13.8,正常觀測有數據,1,正常觀測有數據,32,正常觀測有數據
"2025-01-12 14:00:00",0,正常觀測有數據,955.1,正常觀測有數據,72,正常觀測有數據,C0Z220,12.9,正常觀測有數據,0.6,正常觀測有數據,349,正常觀測有數據
"2025-01-12 15:00:00",0,正常觀測有數據,955,正常觀測有數據,73,正常觀測有數據,C0Z220,12.2,正常觀測有數據,1.1,正常觀測有數據,109,正常觀測有數據
"2025-01-12 16:00:00",0,正常觀測有數據,955.2,正常觀測有數據,74,正常觀測有數據,C0Z220,11.2,正常觀測有數據,0.9,正常觀測有數據,99,正常觀測有數據
"2025-01-12 17:00:00",0,正常觀測有數據,956.2,正常觀測有數據,73,正常觀測有數據,C0Z220,10.3,正常觀測有數據,0.2,正常觀測有數據,0,正常觀測有數據
"2025-01-12 18:00:00",0,正常觀測有數據,957,正常觀測有數據,72,正常觀測有數據,C0Z220,9.9,正常觀測有數據,0,正常觀測有數據,0,正常觀測有數據
"2025-01-12 19:00:00",0,正常觀測有數據,957.8,正常觀測有數據,67,正常觀測有數據,C0Z220,9.9,正常觀測有數據,0.4,正常觀測有數據,169,正常觀測有數據
"2025-01-12 20:00:00",0,正常觀測有數據,958.4,正常觀測有數據,76,正常觀測有數據,C0Z220,9.8,正常觀測有數據,0.3,正常觀測有數據,224,正常觀測有數據
"2025-01-12 21:00:00",0,正常觀測有數據,958.8,正常觀測有數據,70,正常觀測有數據,C0Z220,9.8,正常觀測有數據,0,正常觀測有數據,0,正常觀測有數據
"2025-01-12 22:00:00",0,正常觀測有數據,958.9,正常觀測有數據,73,正常觀測有數據,C0Z220,9.6,正常觀測有數據,0,正常觀測有數據,0,正常觀測有數據
"2025-01-12 23:00:00",0,正常觀測有數據,958.4,正常觀測有數據,72,正常觀測有數據,C0Z220,9.6,正常觀測有數據,0,正常觀測有數據,0,正常觀測有數據
"2025-01-13 00:00:00",0,正常觀測有數據,958.3,正常觀測有數據,72,正常觀測有數據,C0Z220,9.5,正常觀測有數據,0,正常觀測有數據,0,正常觀測有數據
"2025-01-13 01:00:00",0,正常觀測有數據,957.9,正常觀測有數據,76,正常觀測有數據,C0Z220,9.3,正常觀測有數據,0.5,正常觀測有數據,267,正常觀測有數據
"2025-01-13 02:00:00",0,正常觀測有數據,957.4,正常觀測有數據,78,正常觀測有數據,C0Z220,9.3,正常觀測有數據,1,正常觀測有數據,276,正常觀測有數據
"2025-01-13 03:00:00",0,正常觀測有數據,957.1,正常觀測有數據,79,正常觀測有數據,C0Z220,9.2,正常觀測有數據,1.1,正常觀測有數據,259,正常觀測有數據
"2025-01-13 04:00:00",0,正常觀測有數據,956.8,正常觀測有數據,80,正常觀測有數據,C0Z220,9,正常觀測有數據,1.4,正常觀測有數據,255,正常觀測有數據
"2025-01-13 05:00:00",0,正常觀測有數據,957.1,正常觀測有數據,81,正常觀測有數據,C0Z220,8.8,正常觀測有數據,1.5,正常觀測有數據,255,正常觀測有數據
"2025-01-13 06:00:00",0,正常觀測有數據,957.4,正常觀測有數據,83,正常觀測有數據,C0Z220,8.9,正常觀測有數據,1.7,正常觀測有數據,263,正常觀測有數據
"2025-01-13 07:00:00",0,正常觀測有數據,958,正常觀測有數據,75,正常觀測有數據,C0Z220,9.1,正常觀測有數據,1.6,正常觀測有數據,269,正常觀測有數據
"2025-01-13 08:00:00",0,正常觀測有數據,958.6,正常觀測有數據,80,正常觀測有數據,C0Z220,9.4,正常觀測有數據,1.4,正常觀測有數據,264,正常觀測有數據
"2025-01-13 09:00:00",0,正常觀測有數據,959.3,正常觀測有數據,75,正常觀測有數據,C0Z220,10.2,正常觀測有數據,1.2,正常觀測有數據,263,正常觀測有數據
"2025-01-13 10:00:00",0,正常觀測有數據,959.2,正常觀測有數據,66,正常觀測有數據,C0Z220,11.6,正常觀測有數據,0.8,正常觀測有數據,268,正常觀測有數據
"2025-01-13 11:00:00",0,正常觀測有數據,958.3,正常觀測有數據,62,正常觀測有數據,C0Z220,11.9,正常觀測有數據,0.6,正常觀測有數據,257,正常觀測有數據
"2025-01-13 12:00:00",0,正常觀測有數據,957.1,正常觀測有數據,65,正常觀測有數據,C0Z220,12.5,正常觀測有數據,0.3,正常觀測有數據,84,正常觀測有數據
"2025-01-13 13:00:00",0,正常觀測有數據,956.3,正常觀測有數據,59,正常觀測有數據,C0Z220,14.8,正常觀測有數據,1.4,正常觀測有數據,78,正常觀測有數據
"2025-01-13 14:00:00",0,正常觀測有數據,955.7,正常觀測有數據,62,正常觀測有數據,C0Z220,14.1,正常觀測有數據,1.2,正常觀測有數據,101,正常觀測有數據
"2025-01-13 15:00:00",0,正常觀測有數據,955.4,正常觀測有數據,67,正常觀測有數據,C0Z220,12.5,正常觀測有數據,1.3,正常觀測有數據,80,正常觀測有數據
"2025-01-13 16:00:00",0,正常觀測有數據,955.6,正常觀測有數據,69,正常觀測有數據,C0Z220,12.2,正常觀測有數據,1,正常觀測有數據,101,正常觀測有數據
"2025-01-13 17:00:00",0,正常觀測有數據,955.9,正常觀測有數據,71,正常觀測有數據,C0Z220,11.6,正常觀測有數據,0.3,正常觀測有數據,140,正常觀測有數據
"2025-01-13 18:00:00",0,正常觀測有數據,956.1,正常觀測有數據,72,正常觀測有數據,C0Z220,11.4,正常觀測有數據,0.8,正常觀測有數據,150,正常觀測有數據
"2025-01-13 19:00:00",0,正常觀測有數據,956.7,正常觀測有數據,72,正常觀測有數據,C0Z220,11.4,正常觀測有數據,0,正常觀測有數據,0,正常觀測有數據
"2025-01-13 20:00:00",0,正常觀測有數據,956.9,正常觀測有數據,75,正常觀測有數據,C0Z220,11.3,正常觀測有數據,0.1,正常觀測有數據,0,正常觀測有數據
"2025-01-13 21:00:00",0,正常觀測有數據,957.1,正常觀測有數據,78,正常觀測有數據,C0Z220,11.2,正常觀測有數據,0.8,正常觀測有數據,232,正常觀測有數據
"2025-01-13 22:00:00",0,正常觀測有數據,957.2,正常觀測有數據,80,正常觀測有數據,C0Z220,11,正常觀測有數據,1,正常觀測有數據,229,正常觀測有數據
"2025-01-13 23:00:00",0,正常觀測有數據,956.8,正常觀測有數據,79,正常觀測有數據,C0Z220,11,正常觀測有數據,1.4,正常觀測有數據,244,正常觀測有數據
"2025-01-14 00:00:00",0,正常觀測有數據,956.5,正常觀測有數據,81,正常觀測有數據,C0Z220,10.8,正常觀測有數據,0.8,正常觀測有數據,278,正常觀測有數據
"2025-01-14 01:00:00",0,正常觀測有數據,956.1,正常觀測有數據,76,正常觀測有數據,C0Z220,10.3,正常觀測有數據,1.3,正常觀測有數據,246,正常觀測有數據
"2025-01-14 02:00:00",0,正常觀測有數據,955.8,正常觀測有數據,74,正常觀測有數據,C0Z220,9.9,正常觀測有數據,1.5,正常觀測有數據,242,正常觀測有數據
"2025-01-14 03:00:00",0,正常觀測有數據,955.5,正常觀測有數據,73,正常觀測有數據,C0Z220,9.9,正常觀測有數據,1.9,正常觀測有數據,276,正常觀測有數據
"2025-01-14 04:00:00",0,正常觀測有數據,955.4,正常觀測有數據,77,正常觀測有數據,C0Z220,9,正常觀測有數據,1.6,正常觀測有數據,241,正常觀測有數據
"2025-01-14 05:00:00",0,正常觀測有數據,955.6,正常觀測有數據,82,正常觀測有數據,C0Z220,8.3,正常觀測有數據,2.6,正常觀測有數據,260,正常觀測有數據
"2025-01-14 06:00:00",0,正常觀測有數據,955.9,正常觀測有數據,81,正常觀測有數據,C0Z220,8.2,正常觀測有數據,2.6,正常觀測有數據,264,正常觀測有數據
"2025-01-14 07:00:00",0,正常觀測有數據,956.2,正常觀測有數據,79,正常觀測有數據,C0Z220,8.2,正常觀測有數據,2.5,正常觀測有數據,261,正常觀測有數據
"2025-01-14 08:00:00",0,正常觀測有數據,956.6,正常觀測有數據,76,正常觀測有數據,C0Z220,9,正常觀測有數據,2.6,正常觀測有數據,259,正常觀測有數據
"2025-01-14 09:00:00",0,正常觀測有數據,957.3,正常觀測有數據,63,正常觀測有數據,C0Z220,11.7,正常觀測有數據,1.6,正常觀測有數據,277,正常觀測有數據
"2025-01-14 10:00:00",0,正常觀測有數據,957.2,正常觀測有數據,55,正常觀測有數據,C0Z220,14.5,正常觀測有數據,1.4,正常觀測有數據,266,正常觀測有數據
"2025-01-14 11:00:00",0,正常觀測有數據,956.4,正常觀測有數據,55,正常觀測有數據,C0Z220,16.6,正常觀測有數據,1,正常觀測有數據,63,正常觀測有數據
"2025-01-14 12:00:00",0,正常觀測有數據,955.3,正常觀測有數據,60,正常觀測有數據,C0Z220,18.1,正常觀測有數據,1,正常觀測有數據,47,正常觀測有數據
"2025-01-14 13:00:00",0,正常觀測有數據,954.2,正常觀測有數據,61,正常觀測有數據,C0Z220,17.9,正常觀測有數據,1.4,正常觀測有數據,78,正常觀測有數據
"2025-01-14 14:00:00",0,正常觀測有數據,953.6,正常觀測有數據,64,正常觀測有數據,C0Z220,17.6,正常觀測有數據,1.3,正常觀測有數據,93,正常觀測有數據
"2025-01-14 15:00:00",0,正常觀測有數據,953.4,正常觀測有數據,67,正常觀測有數據,C0Z220,17.1,正常觀測有數據,0.8,正常觀測有數據,115,正常觀測有數據
"2025-01-14 16:00:00",0,正常觀測有數據,953.5,正常觀測有數據,73,正常觀測有數據,C0Z220,16,正常觀測有數據,0.8,正常觀測有數據,120,正常觀測有數據
"2025-01-14 17:00:00",0,正常觀測有數據,954,正常觀測有數據,79,正常觀測有數據,C0Z220,14.7,正常觀測有數據,0.6,正常觀測有數據,150,正常觀測有數據
"2025-01-14 18:00:00",0,正常觀測有數據,954.3,正常觀測有數據,79,正常觀測有數據,C0Z220,14.3,正常觀測有數據,0.6,正常觀測有數據,228,正常觀測有數據
"2025-01-14 19:00:00",0,正常觀測有數據,954.4,正常觀測有數據,83,正常觀測有數據,C0Z220,13.7,正常觀測有數據,0,正常觀測有數據,0,正常觀測有數據
"2025-01-14 20:00:00",0,正常觀測有數據,954.8,正常觀測有數據,83,正常觀測有數據,C0Z220,13.2,正常觀測有數據,2,正常觀測有數據,259,正常觀測有數據
"2025-01-14 21:00:00",0,正常觀測有數據,955,正常觀測有數據,81,正常觀測有數據,C0Z220,13.2,正常觀測有數據,1.8,正常觀測有數據,261,正常觀測有數據
"2025-01-14 22:00:00",0,正常觀測有數據,955.1,正常觀測有數據,81,正常觀測有數據,C0Z220,13.3,正常觀測有數據,1.6,正常觀測有數據,261,正常觀測有數據
"2025-01-14 23:00:00",0,正常觀測有數據,955.1,正常觀測有數據,78,正常觀測有數據,C0Z220,13.5,正常觀測有數據,2.4,正常觀測有數據,260,正常觀測有數據
"2025-01-15 00:00:00",0,正常觀測有數據,954.6,正常觀測有數據,80,正常觀測有數據,C0Z220,13.3,正常觀測有數據,2.1,正常觀測有數據,268,正常觀測有數據
"2025-01-15 01:00:00",0,正常觀測有數據,954,正常觀測有數據,84,正常觀測有數據,C0Z220,13.2,正常觀測有數據,2.1,正常觀測有數據,257,正常觀測有數據
"2025-01-15 02:00:00",0,正常觀測有數據,954,正常觀測有數據,86,正常觀測有數據,C0Z220,13.1,正常觀測有數據,2.6,正常觀測有數據,260,正常觀測有數據
"2025-01-15 03:00:00",0,正常觀測有數據,953.4,正常觀測有數據,91,正常觀測有數據,C0Z220,12.9,正常觀測有數據,2.5,正常觀測有數據,264,正常觀測有數據
"2025-01-15 04:00:00",0,正常觀測有數據,953.4,正常觀測有數據,91,正常觀測有數據,C0Z220,12.9,正常觀測有數據,2.9,正常觀測有數據,254,正常觀測有數據
"2025-01-15 05:00:00",0.5,正常觀測有數據,953.7,正常觀測有數據,90,正常觀測有數據,C0Z220,12.9,正常觀測有數據,1.8,正常觀測有數據,262,正常觀測有數據
"2025-01-15 06:00:00",0,正常觀測有數據,954.3,正常觀測有數據,94,正常觀測有數據,C0Z220,12.8,正常觀測有數據,1.2,正常觀測有數據,268,正常觀測有數據
"2025-01-15 07:00:00",0.5,正常觀測有數據,954.6,正常觀測有數據,97,正常觀測有數據,C0Z220,12.6,正常觀測有數據,0.7,正常觀測有數據,246,正常觀測有數據
"2025-01-15 08:00:00",0,正常觀測有數據,955.4,正常觀測有數據,98,正常觀測有數據,C0Z220,12.9,正常觀測有數據,1,正常觀測有數據,104,正常觀測有數據
"2025-01-15 09:00:00",0.5,正常觀測有數據,956,正常觀測有數據,98,正常觀測有數據,C0Z220,13.1,正常觀測有數據,1.5,正常觀測有數據,266,正常觀測有數據
"2025-01-15 10:00:00",1.5,正常觀測有數據,956.7,正常觀測有數據,97,正常觀測有數據,C0Z220,12.9,正常觀測有數據,1.9,正常觀測有數據,260,正常觀測有數據
"2025-01-15 11:00:00",0.5,正常觀測有數據,956.4,正常觀測有數據,94,正常觀測有數據,C0Z220,13.5,正常觀測有數據,1.5,正常觀測有數據,257,正常觀測有數據
"2025-01-15 12:00:00",0,正常觀測有數據,955.4,正常觀測有數據,90,正常觀測有數據,C0Z220,13.6,正常觀測有數據,1.7,正常觀測有數據,247,正常觀測有數據
"2025-01-15 13:00:00",0,正常觀測有數據,954.9,正常觀測有數據,80,正常觀測有數據,C0Z220,13.5,正常觀測有數據,1.9,正常觀測有數據,276,正常觀測有數據
"2025-01-15 14:00:00",0,正常觀測有數據,954.9,正常觀測有數據,87,正常觀測有數據,C0Z220,12.3,正常觀測有數據,1.7,正常觀測有數據,267,正常觀測有數據
"2025-01-15 15:00:00",0.5,正常觀測有數據,954.4,正常觀測有數據,92,正常觀測有數據,C0Z220,11.9,正常觀測有數據,1.5,正常觀測有數據,265,正常觀測有數據
"2025-01-15 16:00:00",0,正常觀測有數據,955.5,正常觀測有數據,88,正常觀測有數據,C0Z220,11.5,正常觀測有數據,1,正常觀測有數據,257,正常觀測有數據
"2025-01-15 17:00:00",0,正常觀測有數據,956,正常觀測有數據,82,正常觀測有數據,C0Z220,11.3,正常觀測有數據,2.2,正常觀測有數據,241,正常觀測有數據
"2025-01-15 18:00:00",0,正常觀測有數據,956.3,正常觀測有數據,77,正常觀測有數據,C0Z220,11.2,正常觀測有數據,2.7,正常觀測有數據,244,正常觀測有數據
"2025-01-15 19:00:00",0,正常觀測有數據,957.1,正常觀測有數據,75,正常觀測有數據,C0Z220,11,正常觀測有數據,2.1,正常觀測有數據,240,正常觀測有數據
"2025-01-15 20:00:00",0,正常觀測有數據,957.4,正常觀測有數據,74,正常觀測有數據,C0Z220,10.8,正常觀測有數據,2.2,正常觀測有數據,239,正常觀測有數據
"2025-01-15 21:00:00",0,正常觀測有數據,957.7,正常觀測有數據,74,正常觀測有數據,C0Z220,10.5,正常觀測有數據,2.6,正常觀測有數據,252,正常觀測有數據
"2025-01-15 22:00:00",0,正常觀測有數據,957.9,正常觀測有數據,73,正常觀測有數據,C0Z220,10.2,正常觀測有數據,2.7,正常觀測有數據,246,正常觀測有數據
"2025-01-15 23:00:00",0,正常觀測有數據,957.8,正常觀測有數據,73,正常觀測有數據,C0Z220,9.9,正常觀測有數據,2.2,正常觀測有數據,246,正常觀測有數據
"2025-01-16 00:00:00",0,正常觀測有數據,957.8,正常觀測有數據,74,正常觀測有數據,C0Z220,9.6,正常觀測有數據,1.7,正常觀測有數據,259,正常觀測有數據
"2025-01-16 01:00:00",0,正常觀測有數據,957.4,正常觀測有數據,74,正常觀測有數據,C0Z220,9.3,正常觀測有數據,2.4,正常觀測有數據,264,正常觀測有數據
"2025-01-16 02:00:00",0,正常觀測有數據,957,正常觀測有數據,71,正常觀測有數據,C0Z220,9.1,正常觀測有數據,2.8,正常觀測有數據,258,正常觀測有數據
"2025-01-16 03:00:00",0,正常觀測有數據,956.5,正常觀測有數據,75,正常觀測有數據,C0Z220,8.5,正常觀測有數據,2.3,正常觀測有數據,263,正常觀測有數據
"2025-01-16 04:00:00",0,正常觀測有數據,956.2,正常觀測有數據,74,正常觀測有數據,C0Z220,8.4,正常觀測有數據,1.6,正常觀測有數據,257,正常觀測有數據
"2025-01-16 05:00:00",0,正常觀測有數據,956.5,正常觀測有數據,72,正常觀測有數據,C0Z220,8,正常觀測有數據,0.8,正常觀測有數據,342,正常觀測有數據
"2025-01-16 06:00:00",0,正常觀測有數據,957.2,正常觀測有數據,76,正常觀測有數據,C0Z220,7.9,正常觀測有數據,0.1,正常觀測有數據,0,正常觀測有數據
"2025-01-16 07:00:00",0,正常觀測有數據,957.4,正常觀測有數據,81,正常觀測有數據,C0Z220,7.8,正常觀測有數據,1,正常觀測有數據,264,正常觀測有數據
"2025-01-16 08:00:00",0,正常觀測有數據,957.8,正常觀測有數據,77,正常觀測有數據,C0Z220,8.3,正常觀測有數據,1.7,正常觀測有數據,270,正常觀測有數據
"2025-01-16 09:00:00",0,正常觀測有數據,958.2,正常觀測有數據,77,正常觀測有數據,C0Z220,8.9,正常觀測有數據,1.9,正常觀測有數據,258,正常觀測有數據
"2025-01-16 10:00:00",0,正常觀測有數據,958,正常觀測有數據,74,正常觀測有數據,C0Z220,10.4,正常觀測有數據,1,正常觀測有數據,273,正常觀測有數據
"2025-01-16 11:00:00",0,正常觀測有數據,957.1,正常觀測有數據,70,正常觀測有數據,C0Z220,11.5,正常觀測有數據,0.6,正常觀測有數據,29,正常觀測有數據
"2025-01-16 12:00:00",0,正常觀測有數據,956.2,正常觀測有數據,68,正常觀測有數據,C0Z220,11.4,正常觀測有數據,0.7,正常觀測有數據,92,正常觀測有數據
"2025-01-16 13:00:00",0,正常觀測有數據,955.2,正常觀測有數據,71,正常觀測有數據,C0Z220,11.4,正常觀測有數據,0.5,正常觀測有數據,63,正常觀測有數據
"2025-01-16 14:00:00",0,正常觀測有數據,954.7,正常觀測有數據,77,正常觀測有數據,C0Z220,11,正常觀測有數據,0.3,正常觀測有數據,48,正常觀測有數據
"2025-01-16 15:00:00",0,正常觀測有數據,954.3,正常觀測有數據,80,正常觀測有數據,C0Z220,11,正常觀測有數據,0.1,正常觀測有數據,0,正常觀測有數據
"2025-01-16 16:00:00",0,正常觀測有數據,954.6,正常觀測有數據,72,正常觀測有數據,C0Z220,10.7,正常觀測有數據,0,正常觀測有數據,0,正常觀測有數據
"2025-01-16 17:00:00",0,正常觀測有數據,955.3,正常觀測有數據,76,正常觀測有數據,C0Z220,10.4,正常觀測有數據,0.6,正常觀測有數據,246,正常觀測有數據
"2025-01-16 18:00:00",0,正常觀測有數據,955.8,正常觀測有數據,76,正常觀測有數據,C0Z220,10.2,正常觀測有數據,0.5,正常觀測有數據,233,正常觀測有數據
"2025-01-16 19:00:00",0,正常觀測有數據,956.3,正常觀測有數據,76,正常觀測有數據,C0Z220,10.3,正常觀測有數據,1.5,正常觀測有數據,238,正常觀測有數據
"2025-01-16 20:00:00",0,正常觀測有數據,956.4,正常觀測有數據,79,正常觀測有數據,C0Z220,10,正常觀測有數據,1.9,正常觀測有數據,258,正常觀測有數據
"2025-01-16 21:00:00",0,正常觀測有數據,956.5,正常觀測有數據,78,正常觀測有數據,C0Z220,10,正常觀測有數據,1.2,正常觀測有數據,270,正常觀測有數據
"2025-01-16 22:00:00",0,正常觀測有數據,956.7,正常觀測有數據,81,正常觀測有數據,C0Z220,9.7,正常觀測有數據,0,正常觀測有數據,0,正常觀測有數據
"2025-01-16 23:00:00",0,正常觀測有數據,956.3,正常觀測有數據,86,正常觀測有數據,C0Z220,9.1,正常觀測有數據,1.7,正常觀測有數據,254,正常觀測有數據
"2025-01-17 00:00:00",0,正常觀測有數據,956,正常觀測有數據,82,正常觀測有數據,C0Z220,9.2,正常觀測有數據,1.7,正常觀測有數據,261,正常觀測有數據
"2025-01-17 01:00:00",0,正常觀測有數據,955.6,正常觀測有數據,87,正常觀測有數據,C0Z220,8.8,正常觀測有數據,1.9,正常觀測有數據,262,正常觀測有數據
"2025-01-17 02:00:00",0,正常觀測有數據,954.6,正常觀測有數據,85,正常觀測有數據,C0Z220,9,正常觀測有數據,1.8,正常觀測有數據,261,正常觀測有數據
"2025-01-17 03:00:00",0,正常觀測有數據,954.5,正常觀測有數據,87,正常觀測有數據,C0Z220,8.8,正常觀測有數據,0,正常觀測有數據,0,正常觀測有數據
"2025-01-17 04:00:00",0,正常觀測有數據,954.5,正常觀測有數據,86,正常觀測有數據,C0Z220,8.9,正常觀測有數據,1.1,正常觀測有數據,264,正常觀測有數據
"2025-01-17 05:00:00",0,正常觀測有數據,954.7,正常觀測有數據,90,正常觀測有數據,C0Z220,8.7,正常觀測有數據,1.4,正常觀測有數據,253,正常觀測有數據
"2025-01-17 06:00:00",0,正常觀測有數據,955.2,正常觀測有數據,86,正常觀測有數據,C0Z220,8.8,正常觀測有數據,0.6,正常觀測有數據,282,正常觀測有數據
"2025-01-17 07:00:00",0,正常觀測有數據,955.7,正常觀測有數據,85,正常觀測有數據,C0Z220,9,正常觀測有數據,0.5,正常觀測有數據,223,正常觀測有數據
"2025-01-17 08:00:00",0,正常觀測有數據,956,正常觀測有數據,87,正常觀測有數據,C0Z220,9.3,正常觀測有數據,0,正常觀測有數據,0,正常觀測有數據
"2025-01-17 09:00:00",0,正常觀測有數據,956.3,正常觀測有數據,89,正常觀測有數據,C0Z220,9.6,正常觀測有數據,0.4,正常觀測有數據,84,正常觀測有數據
"2025-01-17 10:00:00",0,正常觀測有數據,956.3,正常觀測有數據,83,正常觀測有數據,C0Z220,10.5,正常觀測有數據,0.4,正常觀測有數據,52,正常觀測有數據
"2025-01-17 11:00:00",0,正常觀測有數據,955.6,正常觀測有數據,79,正常觀測有數據,C0Z220,11,正常觀測有數據,0.6,正常觀測有數據,62,正常觀測有數據
"2025-01-17 12:00:00",0,正常觀測有數據,954.5,正常觀測有數據,79,正常觀測有數據,C0Z220,10.7,正常觀測有數據,0.5,正常觀測有數據,28,正常觀測有數據
"2025-01-17 13:00:00",0,正常觀測有數據,953.8,正常觀測有數據,78,正常觀測有數據,C0Z220,11,正常觀測有數據,0.7,正常觀測有數據,26,正常觀測有數據
"2025-01-17 14:00:00",0,正常觀測有數據,953.3,正常觀測有數據,77,正常觀測有數據,C0Z220,10.7,正常觀測有數據,0.3,正常觀測有數據,44,正常觀測有數據
"2025-01-17 15:00:00",0,正常觀測有數據,953,正常觀測有數據,80,正常觀測有數據,C0Z220,10.6,正常觀測有數據,0.1,正常觀測有數據,0,正常觀測有數據
"2025-01-17 16:00:00",0,正常觀測有數據,953.3,正常觀測有數據,85,正常觀測有數據,C0Z220,10.3,正常觀測有數據,0,正常觀測有數據,0,正常觀測有數據
"2025-01-17 17:00:00",0,正常觀測有數據,954.2,正常觀測有數據,90,正常觀測有數據,C0Z220,9.4,正常觀測有數據,0.8,正常觀測有數據,253,正常觀測有數據
"2025-01-17 18:00:00",0,正常觀測有數據,954.6,正常觀測有數據,95,正常觀測有數據,C0Z220,9,正常觀測有數據,1,正常觀測有數據,258,正常觀測有數據
"2025-01-17 19:00:00",0,正常觀測有數據,954.4,正常觀測有數據,90,正常觀測有數據,C0Z220,8.8,正常觀測有數據,1.2,正常觀測有數據,255,正常觀測有數據
"2025-01-17 20:00:00",0,正常觀測有數據,955,正常觀測有數據,96,正常觀測有數據,C0Z220,8.8,正常觀測有數據,1.3,正常觀測有數據,262,正常觀測有數據
"2025-01-17 21:00:00",0,正常觀測有數據,954.6,正常觀測有數據,93,正常觀測有數據,C0Z220,8.8,正常觀測有數據,1.3,正常觀測有數據,264,正常觀測有數據
"2025-01-17 22:00:00",0,正常觀測有數據,954.9,正常觀測有數據,92,正常觀測有數據,C0Z220,8.9,正常觀測有數據,1.6,正常觀測有數據,254,正常觀測有數據
"2025-01-17 23:00:00",0,正常觀測有數據,954.6,正常觀測有數據,92,正常觀測有數據,C0Z220,9,正常觀測有數據,1.6,正常觀測有數據,265,正常觀測有數據
"2025-01-18 00:00:00",0,正常觀測有數據,954.1,正常觀測有數據,87,正常觀測有數據,C0Z220,9.3,正常觀測有數據,1.3,正常觀測有數據,256,正常觀測有數據
"2025-01-18 01:00:00",0,正常觀測有數據,953.8,正常觀測有數據,92,正常觀測有數據,C0Z220,9,正常觀測有數據,1.5,正常觀測有數據,255,正常觀測有數據
"2025-01-18 02:00:00",0,正常觀測有數據,953.4,正常觀測有數據,92,正常觀測有數據,C0Z220,9,正常觀測有數據,1.5,正常觀測有數據,265,正常觀測有數據
"2025-01-18 03:00:00",0,正常觀測有數據,952.9,正常觀測有數據,88,正常觀測有數據,C0Z220,8.9,正常觀測有數據,1.3,正常觀測有數據,252,正常觀測有數據
"2025-01-18 04:00:00",0,正常觀測有數據,952.8,正常觀測有數據,91,正常觀測有數據,C0Z220,8.6,正常觀測有數據,2.3,正常觀測有數據,267,正常觀測有數據
"2025-01-18 05:00:00",0,正常觀測有數據,953,正常觀測有數據,90,正常觀測有數據,C0Z220,8.4,正常觀測有數據,2.3,正常觀測有數據,275,正常觀測有數據
"2025-01-18 06:00:00",0,正常觀測有數據,953.4,正常觀測有數據,92,正常觀測有數據,C0Z220,7.9,正常觀測有數據,2.5,正常觀測有數據,261,正常觀測有數據
"2025-01-18 07:00:00",0,正常觀測有數據,953.2,正常觀測有數據,90,正常觀測有數據,C0Z220,7.8,正常觀測有數據,2.6,正常觀測有數據,261,正常觀測有數據
"2025-01-18 08:00:00",0,正常觀測有數據,953.7,正常觀測有數據,79,正常觀測有數據,C0Z220,9.5,正常觀測有數據,1.8,正常觀測有數據,267,正常觀測有數據
"2025-01-18 09:00:00",0,正常觀測有數據,954.2,正常觀測有數據,82,正常觀測有數據,C0Z220,9.6,正常觀測有數據,1.6,正常觀測有數據,265,正常觀測有數據
"2025-01-18 10:00:00",0,正常觀測有數據,954.2,正常觀測有數據,78,正常觀測有數據,C0Z220,10.7,正常觀測有數據,2,正常觀測有數據,262,正常觀測有數據
"2025-01-18 11:00:00",0,正常觀測有數據,953.4,正常觀測有數據,69,正常觀測有數據,C0Z220,12.6,正常觀測有數據,1.3,正常觀測有數據,269,正常觀測有數據
"2025-01-18 12:00:00",0,正常觀測有數據,952.5,正常觀測有數據,69,正常觀測有數據,C0Z220,14,正常觀測有數據,0.6,正常觀測有數據,21,正常觀測有數據
"2025-01-18 13:00:00",0,正常觀測有數據,951.1,正常觀測有數據,69,正常觀測有數據,C0Z220,15.2,正常觀測有數據,0.7,正常觀測有數據,4,正常觀測有數據
"2025-01-18 14:00:00",0,正常觀測有數據,950.4,正常觀測有數據,68,正常觀測有數據,C0Z220,15.7,正常觀測有數據,0.6,正常觀測有數據,23,正常觀測有數據
"2025-01-18 15:00:00",0,正常觀測有數據,949.9,正常觀測有數據,71,正常觀測有數據,C0Z220,14.7,正常觀測有數據,0.8,正常觀測有數據,37,正常觀測有數據
"2025-01-18 16:00:00",0,正常觀測有數據,950.1,正常觀測有數據,75,正常觀測有數據,C0Z220,14.3,正常觀測有數據,0.2,正常觀測有數據,0,正常觀測有數據
"2025-01-18 17:00:00",0,正常觀測有數據,950.2,正常觀測有數據,77,正常觀測有數據,C0Z220,13.3,正常觀測有數據,0.2,正常觀測有數據,0,正常觀測有數據
"2025-01-18 18:00:00",0,正常觀測有數據,950.6,正常觀測有數據,76,正常觀測有數據,C0Z220,12.9,正常觀測有數據,0.4,正常觀測有數據,179,正常觀測有數據
"2025-01-18 19:00:00",0,正常觀測有數據,950.6,正常觀測有數據,78,正常觀測有數據,C0Z220,12.7,正常觀測有數據,0.7,正常觀測有數據,236,正常觀測有數據
"2025-01-18 20:00:00",0,正常觀測有數據,950.5,正常觀測有數據,80,正常觀測有數據,C0Z220,12.4,正常觀測有數據,0.7,正常觀測有數據,270,正常觀測有數據
"2025-01-18 21:00:00",0,正常觀測有數據,950.3,正常觀測有數據,79,正常觀測有數據,C0Z220,12.5,正常觀測有數據,0.8,正常觀測有數據,263,正常觀測有數據
"2025-01-18 22:00:00",0,正常觀測有數據,950.2,正常觀測有數據,83,正常觀測有數據,C0Z220,12.1,正常觀測有數據,1.2,正常觀測有數據,261,正常觀測有數據
"2025-01-18 23:00:00",0,正常觀測有數據,949.6,正常觀測有數據,85,正常觀測有數據,C0Z220,12,正常觀測有數據,1.8,正常觀測有數據,266,正常觀測有數據
"2025-01-19 00:00:00",0,正常觀測有數據,949,正常觀測有數據,83,正常觀測有數據,C0Z220,12.2,正常觀測有數據,1.4,正常觀測有數據,246,正常觀測有數據
"2025-01-19 01:00:00",0,正常觀測有數據,948.7,正常觀測有數據,87,正常觀測有數據,C0Z220,12,正常觀測有數據,0.9,正常觀測有數據,260,正常觀測有數據
"2025-01-19 02:00:00",0,正常觀測有數據,948.2,正常觀測有數據,86,正常觀測有數據,C0Z220,11.8,正常觀測有數據,1.6,正常觀測有數據,246,正常觀測有數據
"2025-01-19 03:00:00",0,正常觀測有數據,947.9,正常觀測有數據,85,正常觀測有數據,C0Z220,12.2,正常觀測有數據,1,正常觀測有數據,232,正常觀測有數據
"2025-01-19 04:00:00",0,正常觀測有數據,947.8,正常觀測有數據,85,正常觀測有數據,C0Z220,12.1,正常觀測有數據,1.2,正常觀測有數據,245,正常觀測有數據
"2025-01-19 05:00:00",0,正常觀測有數據,947.8,正常觀測有數據,89,正常觀測有數據,C0Z220,11.8,正常觀測有數據,1,正常觀測有數據,262,正常觀測有數據
"2025-01-19 06:00:00",0,正常觀測有數據,948.1,正常觀測有數據,88,正常觀測有數據,C0Z220,12,正常觀測有數據,1.4,正常觀測有數據,268,正常觀測有數據
"2025-01-19 07:00:00",0,正常觀測有數據,948.6,正常觀測有數據,91,正常觀測有數據,C0Z220,11.7,正常觀測有數據,2.1,正常觀測有數據,272,正常觀測有數據
"2025-01-19 08:00:00",0.5,正常觀測有數據,948.8,正常觀測有數據,94,正常觀測有數據,C0Z220,11.7,正常觀測有數據,1.3,正常觀測有數據,258,正常觀測有數據
"2025-01-19 09:00:00",0.5,正常觀測有數據,949.4,正常觀測有數據,96,正常觀測有數據,C0Z220,11.9,正常觀測有數據,1,正常觀測有數據,248,正常觀測有數據
"2025-01-19 10:00:00",0,正常觀測有數據,949.4,正常觀測有數據,97,正常觀測有數據,C0Z220,12.6,正常觀測有數據,1,正常觀測有數據,265,正常觀測有數據
"2025-01-19 11:00:00",0,正常觀測有數據,948.8,正常觀測有數據,91,正常觀測有數據,C0Z220,14,正常觀測有數據,0.1,正常觀測有數據,0,正常觀測有數據
"2025-01-19 12:00:00",0,正常觀測有數據,948,正常觀測有數據,91,正常觀測有數據,C0Z220,14.1,正常觀測有數據,0.6,正常觀測有數據,57,正常觀測有數據
"2025-01-19 13:00:00",0,正常觀測有數據,946.7,正常觀測有數據,89,正常觀測有數據,C0Z220,15,正常觀測有數據,0.8,正常觀測有數據,73,正常觀測有數據
"2025-01-19 14:00:00",0,正常觀測有數據,946.2,正常觀測有數據,85,正常觀測有數據,C0Z220,15.9,正常觀測有數據,0.8,正常觀測有數據,76,正常觀測有數據
"2025-01-19 15:00:00",0,正常觀測有數據,945.8,正常觀測有數據,89,正常觀測有數據,C0Z220,14.9,正常觀測有數據,0.5,正常觀測有數據,100,正常觀測有數據
"2025-01-19 16:00:00",0,正常觀測有數據,945.9,正常觀測有數據,90,正常觀測有數據,C0Z220,14.3,正常觀測有數據,0.5,正常觀測有數據,103,正常觀測有數據
"2025-01-19 17:00:00",0,正常觀測有數據,946.5,正常觀測有數據,93,正常觀測有數據,C0Z220,13.7,正常觀測有數據,0,正常觀測有數據,0,正常觀測有數據
"2025-01-19 18:00:00",0,正常觀測有數據,947.2,正常觀測有數據,95,正常觀測有數據,C0Z220,13.2,正常觀測有數據,0.4,正常觀測有數據,224,正常觀測有數據
"2025-01-19 19:00:00",0,正常觀測有數據,947.5,正常觀測有數據,95,正常觀測有數據,C0Z220,13,正常觀測有數據,0.6,正常觀測有數據,231,正常觀測有數據
"2025-01-19 20:00:00",0,正常觀測有數據,947.9,正常觀測有數據,94,正常觀測有數據,C0Z220,13.1,正常觀測有數據,0,正常觀測有數據,0,正常觀測有數據
"2025-01-19 21:00:00",0,正常觀測有數據,947.9,正常觀測有數據,97,正常觀測有數據,C0Z220,12.5,正常觀測有數據,0.4,正常觀測有數據,119,正常觀測有數據
"2025-01-19 22:00:00",0,正常觀測有數據,948.3,正常觀測有數據,96,正常觀測有數據,C0Z220,12.3,正常觀測有數據,0,正常觀測有數據,0,正常觀測有數據
"2025-01-19 23:00:00",0,正常觀測有數據,948.6,正常觀測有數據,97,正常觀測有數據,C0Z220,12.3,正常觀測有數據,0,正常觀測有數據,0,正常觀測有數據
"2025-01-20 00:00:00",0,正常觀測有數據,948.6,正常觀測有數據,96,正常觀測有數據,C0Z220,12.3,正常觀測有數據,0.7,正常觀測有數據,241,正常觀測有數據
"2025-01-20 01:00:00",0,正常觀測有數據,948.6,正常觀測有數據,97,正常觀測有數據,C0Z220,12.2,正常觀測有數據,0,正常觀測有數據,0,正常觀測有數據
"2025-01-20 02:00:00",0,正常觀測有數據,948.5,正常觀測有數據,99,正常觀測有數據,C0Z220,11.8,正常觀測有數據,0.6,正常觀測有數據,230,正常觀測有數據
"2025-01-20 03:00:00",0,正常觀測有數據,948.1,正常觀測有數據,90,正常觀測有數據,C0Z220,11.7,正常觀測有數據,1.2,正常觀測有數據,256,正常觀測有數據
"2025-01-20 04:00:00",0,正常觀測有數據,947.8,正常觀測有數據,91,正常觀測有數據,C0Z220,11.6,正常觀測有數據,0,正常觀測有數據,0,正常觀測有數據
"2025-01-20 05:00:00",0,正常觀測有數據,947.8,正常觀測有數據,61,正常觀測有數據,C0Z220,11.2,正常觀測有數據,0.3,正常觀測有數據,219,正常觀測有數據
"2025-01-20 06:00:00",0,正常觀測有數據,948.1,正常觀測有數據,71,正常觀測有數據,C0Z220,10.6,正常觀測有數據,0.4,正常觀測有數據,158,正常觀測有數據
"2025-01-20 07:00:00",0,正常觀測有數據,948.6,正常觀測有數據,68,正常觀測有數據,C0Z220,10,正常觀測有數據,0.3,正常觀測有數據,288,正常觀測有數據
"2025-01-20 08:00:00",0,正常觀測有數據,948.9,正常觀測有數據,70,正常觀測有數據,C0Z220,11.5,正常觀測有數據,0,正常觀測有數據,0,正常觀測有數據
"2025-01-20 09:00:00",0,正常觀測有數據,949.4,正常觀測有數據,62,正常觀測有數據,C0Z220,14.3,正常觀測有數據,0.1,正常觀測有數據,0,正常觀測有數據
"2025-01-20 10:00:00",0,正常觀測有數據,949.2,正常觀測有數據,58,正常觀測有數據,C0Z220,15.6,正常觀測有數據,1.2,正常觀測有數據,62,正常觀測有數據
"2025-01-20 11:00:00",0,正常觀測有數據,948.6,正常觀測有數據,60,正常觀測有數據,C0Z220,16.2,正常觀測有數據,0.9,正常觀測有數據,46,正常觀測有數據
"2025-01-20 12:00:00",0,正常觀測有數據,947.8,正常觀測有數據,61,正常觀測有數據,C0Z220,17,正常觀測有數據,0.7,正常觀測有數據,37,正常觀測有數據
"2025-01-20 13:00:00",0,正常觀測有數據,946.9,正常觀測有數據,66,正常觀測有數據,C0Z220,16.5,正常觀測有數據,1.2,正常觀測有數據,51,正常觀測有數據
"2025-01-20 14:00:00",0,正常觀測有數據,946.8,正常觀測有數據,70,正常觀測有數據,C0Z220,15.4,正常觀測有數據,0.8,正常觀測有數據,38,正常觀測有數據
"2025-01-20 15:00:00",0,正常觀測有數據,946.9,正常觀測有數據,74,正常觀測有數據,C0Z220,14.5,正常觀測有數據,0.5,正常觀測有數據,47,正常觀測有數據
"2025-01-20 16:00:00",0,正常觀測有數據,947.5,正常觀測有數據,74,正常觀測有數據,C0Z220,13.9,正常觀測有數據,0.2,正常觀測有數據,0,正常觀測有數據
"2025-01-20 17:00:00",0,正常觀測有數據,947.9,正常觀測有數據,75,正常觀測有數據,C0Z220,13.3,正常觀測有數據,0,正常觀測有數據,0,正常觀測有數據
"2025-01-20 18:00:00",0,正常觀測有數據,948.7,正常觀測有數據,78,正常觀測有數據,C0Z220,12.6,正常觀測有數據,0,正常觀測有數據,0,正常觀測有數據
"2025-01-20 19:00:00",0,正常觀測有數據,949.4,正常觀測有數據,78,正常觀測有數據,C0Z220,12.4,正常觀測有數據,0,正常觀測有數據,0,正常觀測有數據
"2025-01-20 20:00:00",0,正常觀測有數據,949.7,正常觀測有數據,77,正常觀測有數據,C0Z220,12.3,正常觀測有數據,0,正常觀測有數據,0,正常觀測有數據
"2025-01-20 21:00:00",0,正常觀測有數據,950.2,正常觀測有數據,78,正常觀測有數據,C0Z220,12.2,正常觀測有數據,0,正常觀測有數據,0,正常觀測有數據
"2025-01-20 22:00:00",0,正常觀測有數據,950.5,正常觀測有數據,79,正常觀測有數據,C0Z220,12.1,正常觀測有數據,1.1,正常觀測有數據,245,正常觀測有數據
"2025-01-20 23:00:00",0,正常觀測有數據,951.2,正常觀測有數據,80,正常觀測有數據,C0Z220,12,正常觀測有數據,1.4,正常觀測有數據,233,正常觀測有數據
"2025-01-21 00:00:00",0,正常觀測有數據,951,正常觀測有數據,84,正常觀測有數據,C0Z220,11.9,正常觀測有數據,0.9,正常觀測有數據,255,正常觀測有數據
"2025-01-21 01:00:00",0,正常觀測有數據,950.8,正常觀測有數據,86,正常觀測有數據,C0Z220,11.4,正常觀測有數據,1.8,正常觀測有數據,260,正常觀測有數據
"2025-01-21 02:00:00",0,正常觀測有數據,950.7,正常觀測有數據,85,正常觀測有數據,C0Z220,11.5,正常觀測有數據,1.7,正常觀測有數據,259,正常觀測有數據
"2025-01-21 03:00:00",0,正常觀測有數據,951,正常觀測有數據,86,正常觀測有數據,C0Z220,11.5,正常觀測有數據,1.5,正常觀測有數據,257,正常觀測有數據
"2025-01-21 04:00:00",0,正常觀測有數據,950.8,正常觀測有數據,89,正常觀測有數據,C0Z220,11.4,正常觀測有數據,1.7,正常觀測有數據,268,正常觀測有數據
"2025-01-21 05:00:00",0,正常觀測有數據,951.1,正常觀測有數據,84,正常觀測有數據,C0Z220,11.8,正常觀測有數據,1.6,正常觀測有數據,268,正常觀測有數據
"2025-01-21 06:00:00",0,正常觀測有數據,951.8,正常觀測有數據,86,正常觀測有數據,C0Z220,11.6,正常觀測有數據,0.1,正常觀測有數據,0,正常觀測有數據
"2025-01-21 07:00:00",0,正常觀測有數據,952.4,正常觀測有數據,87,正常觀測有數據,C0Z220,11.4,正常觀測有數據,1.4,正常觀測有數據,260,正常觀測有數據
"2025-01-21 08:00:00",0,正常觀測有數據,952.6,正常觀測有數據,82,正常觀測有數據,C0Z220,12.7,正常觀測有數據,0.4,正常觀測有數據,82,正常觀測有數據
"2025-01-21 09:00:00",0,正常觀測有數據,953.2,正常觀測有數據,74,正常觀測有數據,C0Z220,15,正常觀測有數據,0,正常觀測有數據,0,正常觀測有數據
"2025-01-21 10:00:00",0,正常觀測有數據,953,正常觀測有數據,75,正常觀測有數據,C0Z220,14.7,正常觀測有數據,0.6,正常觀測有數據,46,正常觀測有數據
"2025-01-21 11:00:00",0,正常觀測有數據,952.4,正常觀測有數據,75,正常觀測有數據,C0Z220,15,正常觀測有數據,0.6,正常觀測有數據,12,正常觀測有數據
"2025-01-21 12:00:00",0,正常觀測有數據,951.4,正常觀測有數據,69,正常觀測有數據,C0Z220,15.3,正常觀測有數據,0.8,正常觀測有數據,18,正常觀測有數據
"2025-01-21 13:00:00",0,正常觀測有數據,950.5,正常觀測有數據,73,正常觀測有數據,C0Z220,15.4,正常觀測有數據,0.7,正常觀測有數據,35,正常觀測有數據
"2025-01-21 14:00:00",0,正常觀測有數據,950,正常觀測有數據,76,正常觀測有數據,C0Z220,14.8,正常觀測有數據,2.2,正常觀測有數據,105,正常觀測有數據
"2025-01-21 15:00:00",0,正常觀測有數據,950,正常觀測有數據,79,正常觀測有數據,C0Z220,14.6,正常觀測有數據,0.9,正常觀測有數據,89,正常觀測有數據
"2025-01-21 16:00:00",0,正常觀測有數據,950.1,正常觀測有數據,82,正常觀測有數據,C0Z220,14.1,正常觀測有數據,0.6,正常觀測有數據,100,正常觀測有數據
"2025-01-21 17:00:00",0,正常觀測有數據,950.5,正常觀測有數據,84,正常觀測有數據,C0Z220,13.7,正常觀測有數據,0.9,正常觀測有數據,126,正常觀測有數據
"2025-01-21 18:00:00",0,正常觀測有數據,951.3,正常觀測有數據,84,正常觀測有數據,C0Z220,13.5,正常觀測有數據,0,正常觀測有數據,0,正常觀測有數據
"2025-01-21 19:00:00",0,正常觀測有數據,951.8,正常觀測有數據,85,正常觀測有數據,C0Z220,13.4,正常觀測有數據,0,正常觀測有數據,0,正常觀測有數據
"2025-01-21 20:00:00",0,正常觀測有數據,952.3,正常觀測有數據,85,正常觀測有數據,C0Z220,13.1,正常觀測有數據,0,正常觀測有數據,0,正常觀測有數據
"2025-01-21 21:00:00",0,正常觀測有數據,952.8,正常觀測有數據,86,正常觀測有數據,C0Z220,13.2,正常觀測有數據,0,正常觀測有數據,0,正常觀測有數據
"2025-01-21 22:00:00",0,正常觀測有數據,953,正常觀測有數據,88,正常觀測有數據,C0Z220,13.1,正常觀測有數據,0.9,正常觀測有數據,266,正常觀測有數據
"2025-01-21 23:00:00",0,正常觀測有數據,953,正常觀測有數據,89,正常觀測有數據,C0Z220,13,正常觀測有數據,0,正常觀測有數據,0,正常觀測有數據
"2025-01-22 00:00:00",0,正常觀測有數據,952.7,正常觀測有數據,92,正常觀測有數據,C0Z220,12.7,正常觀測有數據,1,正常觀測有數據,276,正常觀測有數據
"2025-01-22 01:00:00",0,正常觀測有數據,952.5,正常觀測有數據,88,正常觀測有數據,C0Z220,12.7,正常觀測有數據,1.6,正常觀測有數據,257,正常觀測有數據
"2025-01-22 02:00:00",0,正常觀測有數據,952,正常觀測有數據,88,正常觀測有數據,C0Z220,12.5,正常觀測有數據,2.2,正常觀測有數據,265,正常觀測有數據
"2025-01-22 03:00:00",0,正常觀測有數據,951.9,正常觀測有數據,82,正常觀測有數據,C0Z220,12.8,正常觀測有數據,0.2,正常觀測有數據,0,正常觀測有數據
"2025-01-22 04:00:00",0,正常觀測有數據,951.8,正常觀測有數據,86,正常觀測有數據,C0Z220,12.6,正常觀測有數據,1.4,正常觀測有數據,273,正常觀測有數據
"2025-01-22 05:00:00",0,正常觀測有數據,951.7,正常觀測有數據,85,正常觀測有數據,C0Z220,12.6,正常觀測有數據,1.4,正常觀測有數據,252,正常觀測有數據
"2025-01-22 06:00:00",0,正常觀測有數據,952.2,正常觀測有數據,86,正常觀測有數據,C0Z220,12.6,正常觀測有數據,1.4,正常觀測有數據,261,正常觀測有數據
"2025-01-22 07:00:00",0,正常觀測有數據,952.6,正常觀測有數據,87,正常觀測有數據,C0Z220,12.3,正常觀測有數據,1.4,正常觀測有數據,256,正常觀測有數據
"2025-01-22 08:00:00",0,正常觀測有數據,952.9,正常觀測有數據,83,正常觀測有數據,C0Z220,12.8,正常觀測有數據,1.9,正常觀測有數據,253,正常觀測有數據
"2025-01-22 09:00:00",0,正常觀測有數據,953.2,正常觀測有數據,81,正常觀測有數據,C0Z220,13.3,正常觀測有數據,2,正常觀測有數據,271,正常觀測有數據
"2025-01-22 10:00:00",0,正常觀測有數據,953,正常觀測有數據,78,正常觀測有數據,C0Z220,14.5,正常觀測有數據,0.9,正常觀測有數據,276,正常觀測有數據
"2025-01-22 11:00:00",0,正常觀測有數據,952.4,正常觀測有數據,76,正常觀測有數據,C0Z220,15.8,正常觀測有數據,0.7,正常觀測有數據,297,正常觀測有數據
"2025-01-22 12:00:00",0,正常觀測有數據,951.4,正常觀測有數據,65,正常觀測有數據,C0Z220,17.3,正常觀測有數據,0.3,正常觀測有數據,255,正常觀測有數據
"2025-01-22 13:00:00",0,正常觀測有數據,950.4,正常觀測有數據,71,正常觀測有數據,C0Z220,17.4,正常觀測有數據,0.3,正常觀測有數據,73,正常觀測有數據
"2025-01-22 14:00:00",0,正常觀測有數據,949.9,正常觀測有數據,71,正常觀測有數據,C0Z220,17.9,正常觀測有數據,0.6,正常觀測有數據,50,正常觀測有數據
"2025-01-22 15:00:00",0,正常觀測有數據,949.4,正常觀測有數據,75,正常觀測有數據,C0Z220,17,正常觀測有數據,0.4,正常觀測有數據,87,正常觀測有數據
"2025-01-22 16:00:00",0,正常觀測有數據,949.5,正常觀測有數據,77,正常觀測有數據,C0Z220,16.6,正常觀測有數據,0.4,正常觀測有數據,103,正常觀測有數據
"2025-01-22 17:00:00",0,正常觀測有數據,950,正常觀測有數據,83,正常觀測有數據,C0Z220,15.7,正常觀測有數據,0,正常觀測有數據,0,正常觀測有數據
"2025-01-22 18:00:00",0,正常觀測有數據,950.1,正常觀測有數據,86,正常觀測有數據,C0Z220,15.2,正常觀測有數據,0.1,正常觀測有數據,0,正常觀測有數據
"2025-01-22 19:00:00",0,正常觀測有數據,950.6,正常觀測有數據,85,正常觀測有數據,C0Z220,14.9,正常觀測有數據,0.6,正常觀測有數據,244,正常觀測有數據
"2025-01-22 20:00:00",0,正常觀測有數據,950.9,正常觀測有數據,85,正常觀測有數據,C0Z220,14.8,正常觀測有數據,0.1,正常觀測有數據,0,正常觀測有數據
"2025-01-22 21:00:00",0,正常觀測有數據,950.7,正常觀測有數據,86,正常觀測有數據,C0Z220,14.5,正常觀測有數據,0,正常觀測有數據,0,正常觀測有數據
"2025-01-22 22:00:00",0,正常觀測有數據,950.6,正常觀測有數據,87,正常觀測有數據,C0Z220,14.2,正常觀測有數據,1.3,正常觀測有數據,259,正常觀測有數據
"2025-01-22 23:00:00",0,正常觀測有數據,950.4,正常觀測有數據,88,正常觀測有數據,C0Z220,14,正常觀測有數據,1.1,正常觀測有數據,254,正常觀測有數據
"2025-01-23 00:00:00",0,正常觀測有數據,950.2,正常觀測有數據,85,正常觀測有數據,C0Z220,14.2,正常觀測有數據,1.4,正常觀測有數據,275,正常觀測有數據
"2025-01-23 01:00:00",0,正常觀測有數據,950.1,正常觀測有數據,88,正常觀測有數據,C0Z220,13.7,正常觀測有數據,1.9,正常觀測有數據,268,正常觀測有數據
"2025-01-23 02:00:00",0,正常觀測有數據,949.6,正常觀測有數據,84,正常觀測有數據,C0Z220,14.2,正常觀測有數據,1.3,正常觀測有數據,261,正常觀測有數據
"2025-01-23 03:00:00",0,正常觀測有數據,949.3,正常觀測有數據,84,正常觀測有數據,C0Z220,14,正常觀測有數據,2.6,正常觀測有數據,266,正常觀測有數據
"2025-01-23 04:00:00",0,正常觀測有數據,949,正常觀測有數據,82,正常觀測有數據,C0Z220,14.3,正常觀測有數據,2.1,正常觀測有數據,254,正常觀測有數據
"2025-01-23 05:00:00",0,正常觀測有數據,949.2,正常觀測有數據,82,正常觀測有數據,C0Z220,14.1,正常觀測有數據,2.4,正常觀測有數據,256,正常觀測有數據
"2025-01-23 06:00:00",0,正常觀測有數據,949.7,正常觀測有數據,82,正常觀測有數據,C0Z220,14.2,正常觀測有數據,1.4,正常觀測有數據,261,正常觀測有數據
"2025-01-23 07:00:00",0,正常觀測有數據,949.7,正常觀測有數據,84,正常觀測有數據,C0Z220,14,正常觀測有數據,2,正常觀測有數據,274,正常觀測有數據
"2025-01-23 08:00:00",0,正常觀測有數據,949.7,正常觀測有數據,83,正常觀測有數據,C0Z220,14.3,正常觀測有數據,2.3,正常觀測有數據,259,正常觀測有數據
"2025-01-23 09:00:00",0,正常觀測有數據,949.8,正常觀測有數據,82,正常觀測有數據,C0Z220,14.9,正常觀測有數據,1.9,正常觀測有數據,261,正常觀測有數據
"2025-01-23 10:00:00",0,正常觀測有數據,949.8,正常觀測有數據,76,正常觀測有數據,C0Z220,17.5,正常觀測有數據,1.4,正常觀測有數據,93,正常觀測有數據
"2025-01-23 11:00:00",0,正常觀測有數據,949.2,正常觀測有數據,76,正常觀測有數據,C0Z220,19.3,正常觀測有數據,1,正常觀測有數據,11,正常觀測有數據
"2025-01-23 12:00:00",0,正常觀測有數據,948.5,正常觀測有數據,74,正常觀測有數據,C0Z220,19.5,正常觀測有數據,1.3,正常觀測有數據,79,正常觀測有數據
"2025-01-23 13:00:00",0,正常觀測有數據,947.4,正常觀測有數據,74,正常觀測有數據,C0Z220,20,正常觀測有數據,0.9,正常觀測有數據,28,正常觀測有數據
"2025-01-23 14:00:00",0,正常觀測有數據,946.9,正常觀測有數據,81,正常觀測有數據,C0Z220,18.2,正常觀測有數據,0.9,正常觀測有數據,62,正常觀測有數據
"2025-01-23 15:00:00",0,正常觀測有數據,946.5,正常觀測有數據,84,正常觀測有數據,C0Z220,17.8,正常觀測有數據,0.3,正常觀測有數據,91,正常觀測有數據
"2025-01-23 16:00:00",0,正常觀測有數據,947,正常觀測有數據,84,正常觀測有數據,C0Z220,17.3,正常觀測有數據,0.5,正常觀測有數據,344,正常觀測有數據
"2025-01-23 17:00:00",0,正常觀測有數據,947.4,正常觀測有數據,88,正常觀測有數據,C0Z220,16.4,正常觀測有數據,0.1,正常觀測有數據,0,正常觀測有數據
"2025-01-23 18:00:00",0,正常觀測有數據,947.8,正常觀測有數據,90,正常觀測有數據,C0Z220,15.9,正常觀測有數據,0.1,正常觀測有數據,0,正常觀測有數據
"2025-01-23 19:00:00",0,正常觀測有數據,948.3,正常觀測有數據,88,正常觀測有數據,C0Z220,15.8,正常觀測有數據,0,正常觀測有數據,0,正常觀測有數據
"2025-01-23 20:00:00",0,正常觀測有數據,948.7,正常觀測有數據,90,正常觀測有數據,C0Z220,15.6,正常觀測有數據,0.7,正常觀測有數據,266,正常觀測有數據
"2025-01-23 21:00:00",0,正常觀測有數據,948.8,正常觀測有數據,88,正常觀測有數據,C0Z220,15.8,正常觀測有數據,1.4,正常觀測有數據,279,正常觀測有數據
"2025-01-23 22:00:00",0,正常觀測有數據,948.8,正常觀測有數據,86,正常觀測有數據,C0Z220,16,正常觀測有數據,2.2,正常觀測有數據,251,正常觀測有數據
"2025-01-23 23:00:00",0,正常觀測有數據,948.7,正常觀測有數據,91,正常觀測有數據,C0Z220,15,正常觀測有數據,0,正常觀測有數據,0,正常觀測有數據
"2025-01-24 00:00:00",0,正常觀測有數據,948.5,正常觀測有數據,93,正常觀測有數據,C0Z220,14.6,正常觀測有數據,1.9,正常觀測有數據,268,正常觀測有數據
"2025-01-24 01:00:00",0,正常觀測有數據,948.1,正常觀測有數據,86,正常觀測有數據,C0Z220,14.7,正常觀測有數據,2.1,正常觀測有數據,264,正常觀測有數據
"2025-01-24 02:00:00",0,正常觀測有數據,948,正常觀測有數據,86,正常觀測有數據,C0Z220,14,正常觀測有數據,1.4,正常觀測有數據,256,正常觀測有數據
"2025-01-24 03:00:00",0,正常觀測有數據,947.8,正常觀測有數據,83,正常觀測有數據,C0Z220,13.9,正常觀測有數據,1.2,正常觀測有數據,266,正常觀測有數據
"2025-01-24 04:00:00",0,正常觀測有數據,947.5,正常觀測有數據,83,正常觀測有數據,C0Z220,13.6,正常觀測有數據,1.6,正常觀測有數據,262,正常觀測有數據
"2025-01-24 05:00:00",0,正常觀測有數據,947.9,正常觀測有數據,80,正常觀測有數據,C0Z220,13.7,正常觀測有數據,2.4,正常觀測有數據,267,正常觀測有數據
"2025-01-24 06:00:00",0,正常觀測有數據,948.4,正常觀測有數據,78,正常觀測有數據,C0Z220,14.1,正常觀測有數據,1.7,正常觀測有數據,247,正常觀測有數據
"2025-01-24 07:00:00",0,正常觀測有數據,948.9,正常觀測有數據,82,正常觀測有數據,C0Z220,13.6,正常觀測有數據,1.8,正常觀測有數據,265,正常觀測有數據
"2025-01-24 08:00:00",0,正常觀測有數據,949.1,正常觀測有數據,76,正常觀測有數據,C0Z220,14.7,正常觀測有數據,1.7,正常觀測有數據,257,正常觀測有數據
"2025-01-24 09:00:00",0,正常觀測有數據,949.1,正常觀測有數據,76,正常觀測有數據,C0Z220,15.1,正常觀測有數據,1,正常觀測有數據,266,正常觀測有數據
"2025-01-24 10:00:00",0,正常觀測有數據,949,正常觀測有數據,71,正常觀測有數據,C0Z220,16.8,正常觀測有數據,0.3,正常觀測有數據,240,正常觀測有數據
"2025-01-24 11:00:00",0,正常觀測有數據,948.4,正常觀測有數據,65,正常觀測有數據,C0Z220,18.2,正常觀測有數據,0.9,正常觀測有數據,61,正常觀測有數據
"2025-01-24 12:00:00",0,正常觀測有數據,947.7,正常觀測有數據,67,正常觀測有數據,C0Z220,19.9,正常觀測有數據,1.3,正常觀測有數據,42,正常觀測有數據
"2025-01-24 13:00:00",0,正常觀測有數據,946.8,正常觀測有數據,68,正常觀測有數據,C0Z220,20.2,正常觀測有數據,0.9,正常觀測有數據,45,正常觀測有數據
"2025-01-24 14:00:00",0,正常觀測有數據,946.4,正常觀測有數據,72,正常觀測有數據,C0Z220,20.1,正常觀測有數據,1,正常觀測有數據,89,正常觀測有數據
"2025-01-24 15:00:00",0,正常觀測有數據,946.6,正常觀測有數據,82,正常觀測有數據,C0Z220,17.4,正常觀測有數據,0.6,正常觀測有數據,38,正常觀測有數據
"2025-01-24 16:00:00",0,正常觀測有數據,946.9,正常觀測有數據,86,正常觀測有數據,C0Z220,16.6,正常觀測有數據,0.6,正常觀測有數據,114,正常觀測有數據
"2025-01-24 17:00:00",0,正常觀測有數據,947.5,正常觀測有數據,90,正常觀測有數據,C0Z220,16.1,正常觀測有數據,0.3,正常觀測有數據,132,正常觀測有數據
"2025-01-24 18:00:00",0,正常觀測有數據,948,正常觀測有數據,91,正常觀測有數據,C0Z220,15.9,正常觀測有數據,0,正常觀測有數據,0,正常觀測有數據
"2025-01-24 19:00:00",0,正常觀測有數據,948.6,正常觀測有數據,91,正常觀測有數據,C0Z220,15.7,正常觀測有數據,0.9,正常觀測有數據,221,正常觀測有數據
"2025-01-24 20:00:00",0,正常觀測有數據,949.2,正常觀測有數據,88,正常觀測有數據,C0Z220,15.9,正常觀測有數據,0.4,正常觀測有數據,154,正常觀測有數據
"2025-01-24 21:00:00",0,正常觀測有數據,949.4,正常觀測有數據,90,正常觀測有數據,C0Z220,15.8,正常觀測有數據,1,正常觀測有數據,191,正常觀測有數據
"2025-01-24 22:00:00",0,正常觀測有數據,949.2,正常觀測有數據,91,正常觀測有數據,C0Z220,15.7,正常觀測有數據,1,正常觀測有數據,228,正常觀測有數據
"2025-01-24 23:00:00",0,正常觀測有數據,948.6,正常觀測有數據,91,正常觀測有數據,C0Z220,15.4,正常觀測有數據,0.5,正常觀測有數據,231,正常觀測有數據
"2025-01-25 00:00:00",0,正常觀測有數據,948.6,正常觀測有數據,93,正常觀測有數據,C0Z220,15.2,正常觀測有數據,0.1,正常觀測有數據,0,正常觀測有數據
"2025-01-25 01:00:00",0,正常觀測有數據,948.4,正常觀測有數據,94,正常觀測有數據,C0Z220,14.9,正常觀測有數據,0,正常觀測有數據,0,正常觀測有數據
"2025-01-25 02:00:00",0,正常觀測有數據,948.1,正常觀測有數據,93,正常觀測有數據,C0Z220,14.7,正常觀測有數據,0.6,正常觀測有數據,322,正常觀測有數據
"2025-01-25 03:00:00",0,正常觀測有數據,947.8,正常觀測有數據,92,正常觀測有數據,C0Z220,14.3,正常觀測有數據,0.6,正常觀測有數據,117,正常觀測有數據
"2025-01-25 04:00:00",0,正常觀測有數據,947.8,正常觀測有數據,94,正常觀測有數據,C0Z220,14,正常觀測有數據,1.1,正常觀測有數據,212,正常觀測有數據
"2025-01-25 05:00:00",0,正常觀測有數據,947.9,正常觀測有數據,90,正常觀測有數據,C0Z220,14.4,正常觀測有數據,1,正常觀測有數據,274,正常觀測有數據
"2025-01-25 06:00:00",0,正常觀測有數據,948.7,正常觀測有數據,90,正常觀測有數據,C0Z220,14.4,正常觀測有數據,0.8,正常觀測有數據,285,正常觀測有數據
"2025-01-25 07:00:00",0,正常觀測有數據,949.3,正常觀測有數據,81,正常觀測有數據,C0Z220,14.9,正常觀測有數據,1.1,正常觀測有數據,289,正常觀測有數據
"2025-01-25 08:00:00",0,正常觀測有數據,949.8,正常觀測有數據,78,正常觀測有數據,C0Z220,15.7,正常觀測有數據,0.5,正常觀測有數據,252,正常觀測有數據
"2025-01-25 09:00:00",0,正常觀測有數據,950.3,正常觀測有數據,76,正常觀測有數據,C0Z220,16.4,正常觀測有數據,1.4,正常觀測有數據,264,正常觀測有數據
"2025-01-25 10:00:00",0,正常觀測有數據,950.4,正常觀測有數據,73,正常觀測有數據,C0Z220,17.4,正常觀測有數據,1,正常觀測有數據,282,正常觀測有數據
"2025-01-25 11:00:00",0,正常觀測有數據,949.9,正常觀測有數據,70,正常觀測有數據,C0Z220,18.7,正常觀測有數據,0.4,正常觀測有數據,16,正常觀測有數據
"2025-01-25 12:00:00",0,正常觀測有數據,949,正常觀測有數據,72,正常觀測有數據,C0Z220,18,正常觀測有數據,0.3,正常觀測有數據,64,正常觀測有數據
"2025-01-25 13:00:00",0,正常觀測有數據,948,正常觀測有數據,71,正常觀測有數據,C0Z220,18.9,正常觀測有數據,0.1,正常觀測有數據,0,正常觀測有數據
"2025-01-25 14:00:00",0,正常觀測有數據,947.4,正常觀測有數據,66,正常觀測有數據,C0Z220,18.8,正常觀測有數據,0.8,正常觀測有數據,302,正常觀測有數據
"2025-01-25 15:00:00",0,正常觀測有數據,947.2,正常觀測有數據,66,正常觀測有數據,C0Z220,18.4,正常觀測有數據,0.2,正常觀測有數據,0,正常觀測有數據
"2025-01-25 16:00:00",0,正常觀測有數據,947.6,正常觀測有數據,72,正常觀測有數據,C0Z220,17.2,正常觀測有數據,0.1,正常觀測有數據,0,正常觀測有數據
"2025-01-25 17:00:00",0,正常觀測有數據,948.2,正常觀測有數據,73,正常觀測有數據,C0Z220,16.2,正常觀測有數據,0.7,正常觀測有數據,284,正常觀測有數據
"2025-01-25 18:00:00",0,正常觀測有數據,948.8,正常觀測有數據,82,正常觀測有數據,C0Z220,15.1,正常觀測有數據,1.3,正常觀測有數據,110,正常觀測有數據
"2025-01-25 19:00:00",0,正常觀測有數據,949.4,正常觀測有數據,84,正常觀測有數據,C0Z220,15,正常觀測有數據,0.1,正常觀測有數據,0,正常觀測有數據
"2025-01-25 20:00:00",0,正常觀測有數據,950,正常觀測有數據,79,正常觀測有數據,C0Z220,15.1,正常觀測有數據,0.8,正常觀測有數據,234,正常觀測有數據
"2025-01-25 21:00:00",0,正常觀測有數據,950.2,正常觀測有數據,74,正常觀測有數據,C0Z220,15.5,正常觀測有數據,2.7,正常觀測有數據,253,正常觀測有數據
"2025-01-25 22:00:00",0,正常觀測有數據,950.2,正常觀測有數據,84,正常觀測有數據,C0Z220,14.3,正常觀測有數據,1.8,正常觀測有數據,248,正常觀測有數據
"2025-01-25 23:00:00",0,正常觀測有數據,950.1,正常觀測有數據,81,正常觀測有數據,C0Z220,14.5,正常觀測有數據,1.4,正常觀測有數據,251,正常觀測有數據
"2025-01-26 00:00:00",0,正常觀測有數據,949.9,正常觀測有數據,82,正常觀測有數據,C0Z220,14.3,正常觀測有數據,0.9,正常觀測有數據,241,正常觀測有數據
"2025-01-26 01:00:00",0,正常觀測有數據,949.8,正常觀測有數據,81,正常觀測有數據,C0Z220,14.3,正常觀測有數據,1.2,正常觀測有數據,258,正常觀測有數據
"2025-01-26 02:00:00",0,正常觀測有數據,949.6,正常觀測有數據,86,正常觀測有數據,C0Z220,13.6,正常觀測有數據,0.2,正常觀測有數據,0,正常觀測有數據
"2025-01-26 03:00:00",0,正常觀測有數據,949.4,正常觀測有數據,90,正常觀測有數據,C0Z220,13.2,正常觀測有數據,1.7,正常觀測有數據,263,正常觀測有數據
"2025-01-26 04:00:00",0,正常觀測有數據,949.1,正常觀測有數據,88,正常觀測有數據,C0Z220,13.3,正常觀測有數據,2,正常觀測有數據,266,正常觀測有數據
"2025-01-26 05:00:00",0,正常觀測有數據,949.4,正常觀測有數據,87,正常觀測有數據,C0Z220,13.3,正常觀測有數據,0,正常觀測有數據,0,正常觀測有數據
"2025-01-26 06:00:00",0,正常觀測有數據,950,正常觀測有數據,88,正常觀測有數據,C0Z220,13.1,正常觀測有數據,0,正常觀測有數據,0,正常觀測有數據
"2025-01-26 07:00:00",0,正常觀測有數據,950.1,正常觀測有數據,89,正常觀測有數據,C0Z220,13.1,正常觀測有數據,0.9,正常觀測有數據,262,正常觀測有數據
"2025-01-26 08:00:00",0,正常觀測有數據,950.7,正常觀測有數據,87,正常觀測有數據,C0Z220,13.7,正常觀測有數據,1.1,正常觀測有數據,247,正常觀測有數據
"2025-01-26 09:00:00",0,正常觀測有數據,951,正常觀測有數據,84,正常觀測有數據,C0Z220,15.2,正常觀測有數據,0.2,正常觀測有數據,0,正常觀測有數據
"2025-01-26 10:00:00",0,正常觀測有數據,951.2,正常觀測有數據,80,正常觀測有數據,C0Z220,15.9,正常觀測有數據,0.7,正常觀測有數據,56,正常觀測有數據
"2025-01-26 11:00:00",0,正常觀測有數據,950.4,正常觀測有數據,79,正常觀測有數據,C0Z220,15.9,正常觀測有數據,1,正常觀測有數據,57,正常觀測有數據
"2025-01-26 12:00:00",0,正常觀測有數據,949.6,正常觀測有數據,80,正常觀測有數據,C0Z220,15.6,正常觀測有數據,0.4,正常觀測有數據,40,正常觀測有數據
"2025-01-26 13:00:00",0,正常觀測有數據,948.8,正常觀測有數據,86,正常觀測有數據,C0Z220,14.8,正常觀測有數據,0.2,正常觀測有數據,0,正常觀測有數據
"2025-01-26 14:00:00",0,正常觀測有數據,948.2,正常觀測有數據,88,正常觀測有數據,C0Z220,15.1,正常觀測有數據,0.1,正常觀測有數據,0,正常觀測有數據
"2025-01-26 15:00:00",0,正常觀測有數據,947.7,正常觀測有數據,85,正常觀測有數據,C0Z220,15,正常觀測有數據,0,正常觀測有數據,0,正常觀測有數據
"2025-01-26 16:00:00",0,正常觀測有數據,947.7,正常觀測有數據,89,正常觀測有數據,C0Z220,14.3,正常觀測有數據,0.5,正常觀測有數據,111,正常觀測有數據
"2025-01-26 17:00:00",0,正常觀測有數據,948.3,正常觀測有數據,90,正常觀測有數據,C0Z220,14,正常觀測有數據,0.3,正常觀測有數據,228,正常觀測有數據
"2025-01-26 18:00:00",0,正常觀測有數據,948.7,正常觀測有數據,90,正常觀測有數據,C0Z220,13.1,正常觀測有數據,0.2,正常觀測有數據,0,正常觀測有數據
"2025-01-26 19:00:00",0,正常觀測有數據,948.9,正常觀測有數據,92,正常觀測有數據,C0Z220,13.2,正常觀測有數據,2.3,正常觀測有數據,260,正常觀測有數據
"2025-01-26 20:00:00",0,正常觀測有數據,949.3,正常觀測有數據,90,正常觀測有數據,C0Z220,13.2,正常觀測有數據,2.1,正常觀測有數據,267,正常觀測有數據
"2025-01-26 21:00:00",0,正常觀測有數據,949.3,正常觀測有數據,78,正常觀測有數據,C0Z220,13.8,正常觀測有數據,1.2,正常觀測有數據,227,正常觀測有數據
"2025-01-26 22:00:00",0,正常觀測有數據,949.7,正常觀測有數據,75,正常觀測有數據,C0Z220,13.5,正常觀測有數據,2.1,正常觀測有數據,247,正常觀測有數據
"2025-01-26 23:00:00",0,正常觀測有數據,949.8,正常觀測有數據,72,正常觀測有數據,C0Z220,13.5,正常觀測有數據,2.8,正常觀測有數據,260,正常觀測有數據
"2025-01-27 00:00:00",0,正常觀測有數據,949.5,正常觀測有數據,90,正常觀測有數據,C0Z220,12.2,正常觀測有數據,2.1,正常觀測有數據,259,正常觀測有數據
"2025-01-27 01:00:00",0,正常觀測有數據,949.1,正常觀測有數據,73,正常觀測有數據,C0Z220,12.9,正常觀測有數據,2.7,正常觀測有數據,245,正常觀測有數據
"2025-01-27 02:00:00",0,正常觀測有數據,949,正常觀測有數據,73,正常觀測有數據,C0Z220,12.3,正常觀測有數據,2.9,正常觀測有數據,256,正常觀測有數據
"2025-01-27 03:00:00",0,正常觀測有數據,949,正常觀測有數據,81,正常觀測有數據,C0Z220,11.3,正常觀測有數據,3,正常觀測有數據,248,正常觀測有數據
"2025-01-27 04:00:00",0,正常觀測有數據,948.7,正常觀測有數據,80,正常觀測有數據,C0Z220,11,正常觀測有數據,2.4,正常觀測有數據,250,正常觀測有數據
"2025-01-27 05:00:00",0.5,正常觀測有數據,949.1,正常觀測有數據,87,正常觀測有數據,C0Z220,9.8,正常觀測有數據,2.9,正常觀測有數據,255,正常觀測有數據
"2025-01-27 06:00:00",0.5,正常觀測有數據,949.5,正常觀測有數據,85,正常觀測有數據,C0Z220,9.8,正常觀測有數據,3.4,正常觀測有數據,258,正常觀測有數據
"2025-01-27 07:00:00",0.5,正常觀測有數據,949.8,正常觀測有數據,82,正常觀測有數據,C0Z220,9.6,正常觀測有數據,2.5,正常觀測有數據,258,正常觀測有數據
"2025-01-27 08:00:00",0,正常觀測有數據,950.4,正常觀測有數據,81,正常觀測有數據,C0Z220,9.7,正常觀測有數據,1.7,正常觀測有數據,251,正常觀測有數據
"2025-01-27 09:00:00",0,正常觀測有數據,951.1,正常觀測有數據,82,正常觀測有數據,C0Z220,9.8,正常觀測有數據,1.7,正常觀測有數據,236,正常觀測有數據
"2025-01-27 10:00:00",0,正常觀測有數據,951.4,正常觀測有數據,80,正常觀測有數據,C0Z220,9.6,正常觀測有數據,2.6,正常觀測有數據,253,正常觀測有數據
"2025-01-27 11:00:00",0.5,正常觀測有數據,951.1,正常觀測有數據,82,正常觀測有數據,C0Z220,10,正常觀測有數據,2.9,正常觀測有數據,259,正常觀測有數據
"2025-01-27 12:00:00",0,正常觀測有數據,950.2,正常觀測有數據,79,正常觀測有數據,C0Z220,10.7,正常觀測有數據,2.3,正常觀測有數據,259,正常觀測有數據
"2025-01-27 13:00:00",0,正常觀測有數據,949.7,正常觀測有數據,76,正常觀測有數據,C0Z220,11.1,正常觀測有數據,0.9,正常觀測有數據,281,正常觀測有數據
"2025-01-27 14:00:00",0,正常觀測有數據,949.4,正常觀測有數據,79,正常觀測有數據,C0Z220,10.6,正常觀測有數據,1.7,正常觀測有數據,273,正常觀測有數據
"2025-01-27 15:00:00",0,正常觀測有數據,949.2,正常觀測有數據,90,正常觀測有數據,C0Z220,10.8,正常觀測有數據,0.1,正常觀測有數據,0,正常觀測有數據
"2025-01-27 16:00:00",0,正常觀測有數據,949.7,正常觀測有數據,91,正常觀測有數據,C0Z220,9.4,正常觀測有數據,0.5,正常觀測有數據,75,正常觀測有數據
"2025-01-27 17:00:00",0,正常觀測有數據,950.5,正常觀測有數據,94,正常觀測有數據,C0Z220,8.9,正常觀測有數據,1.2,正常觀測有數據,251,正常觀測有數據
"2025-01-27 18:00:00",0,正常觀測有數據,951.1,正常觀測有數據,86,正常觀測有數據,C0Z220,8.2,正常觀測有數據,0.6,正常觀測有數據,108,正常觀測有數據
"2025-01-27 19:00:00",0,正常觀測有數據,952,正常觀測有數據,94,正常觀測有數據,C0Z220,7.4,正常觀測有數據,0.1,正常觀測有數據,0,正常觀測有數據
"2025-01-27 20:00:00",0,正常觀測有數據,952.5,正常觀測有數據,94,正常觀測有數據,C0Z220,6.7,正常觀測有數據,0,正常觀測有數據,0,正常觀測有數據
"2025-01-27 21:00:00",0,正常觀測有數據,953.2,正常觀測有數據,92,正常觀測有數據,C0Z220,6.5,正常觀測有數據,0.3,正常觀測有數據,126,正常觀測有數據
"2025-01-27 22:00:00",0,正常觀測有數據,953.8,正常觀測有數據,95,正常觀測有數據,C0Z220,5.9,正常觀測有數據,0.1,正常觀測有數據,0,正常觀測有數據
"2025-01-27 23:00:00",0,正常觀測有數據,954.4,正常觀測有數據,86,正常觀測有數據,C0Z220,5.7,正常觀測有數據,0.1,正常觀測有數據,0,正常觀測有數據
"2025-01-28 00:00:00",0,正常觀測有數據,954.6,正常觀測有數據,89,正常觀測有數據,C0Z220,5.3,正常觀測有數據,0,正常觀測有數據,0,正常觀測有數據
"2025-01-28 01:00:00",0,正常觀測有數據,954.6,正常觀測有數據,90,正常觀測有數據,C0Z220,5.2,正常觀測有數據,1.6,正常觀測有數據,244,正常觀測有數據
"2025-01-28 02:00:00",0,正常觀測有數據,954.8,正常觀測有數據,86,正常觀測有數據,C0Z220,5,正常觀測有數據,1.7,正常觀測有數據,252,正常觀測有數據
"2025-01-28 03:00:00",0,正常觀測有數據,954.6,正常觀測有數據,75,正常觀測有數據,C0Z220,5,正常觀測有數據,0.5,正常觀測有數據,263,正常觀測有數據
"2025-01-28 04:00:00",0,正常觀測有數據,954.6,正常觀測有數據,81,正常觀測有數據,C0Z220,4.4,正常觀測有數據,0.3,正常觀測有數據,93,正常觀測有數據
"2025-01-28 05:00:00",0,正常觀測有數據,954.5,正常觀測有數據,82,正常觀測有數據,C0Z220,4.4,正常觀測有數據,0.4,正常觀測有數據,266,正常觀測有數據
"2025-01-28 06:00:00",0,正常觀測有數據,955.2,正常觀測有數據,82,正常觀測有數據,C0Z220,4.4,正常觀測有數據,1.8,正常觀測有數據,252,正常觀測有數據
"2025-01-28 07:00:00",0,正常觀測有數據,955.7,正常觀測有數據,82,正常觀測有數據,C0Z220,4.4,正常觀測有數據,1.7,正常觀測有數據,251,正常觀測有數據
"2025-01-28 08:00:00",0,正常觀測有數據,956.8,正常觀測有數據,87,正常觀測有數據,C0Z220,5.8,正常觀測有數據,0.2,正常觀測有數據,0,正常觀測有數據
"2025-01-28 09:00:00",0,正常觀測有數據,957.3,正常觀測有數據,74,正常觀測有數據,C0Z220,8.4,正常觀測有數據,0.7,正常觀測有數據,260,正常觀測有數據
"2025-01-28 10:00:00",0,正常觀測有數據,957.4,正常觀測有數據,57,正常觀測有數據,C0Z220,10.9,正常觀測有數據,0.4,正常觀測有數據,295,正常觀測有數據
"2025-01-28 11:00:00",0,正常觀測有數據,957,正常觀測有數據,61,正常觀測有數據,C0Z220,11.6,正常觀測有數據,1.4,正常觀測有數據,57,正常觀測有數據
"2025-01-28 12:00:00",0,正常觀測有數據,955.9,正常觀測有數據,58,正常觀測有數據,C0Z220,13,正常觀測有數據,1.5,正常觀測有數據,54,正常觀測有數據
"2025-01-28 13:00:00",0,正常觀測有數據,955.1,正常觀測有數據,62,正常觀測有數據,C0Z220,12.7,正常觀測有數據,1.7,正常觀測有數據,68,正常觀測有數據
"2025-01-28 14:00:00",0,正常觀測有數據,954.7,正常觀測有數據,61,正常觀測有數據,C0Z220,12.1,正常觀測有數據,1.6,正常觀測有數據,100,正常觀測有數據
"2025-01-28 15:00:00",0,正常觀測有數據,955,正常觀測有數據,69,正常觀測有數據,C0Z220,11.1,正常觀測有數據,1.3,正常觀測有數據,91,正常觀測有數據
"2025-01-28 16:00:00",0,正常觀測有數據,955,正常觀測有數據,74,正常觀測有數據,C0Z220,9.9,正常觀測有數據,0.5,正常觀測有數據,90,正常觀測有數據
"2025-01-28 17:00:00",0,正常觀測有數據,955.7,正常觀測有數據,77,正常觀測有數據,C0Z220,9.6,正常觀測有數據,0.1,正常觀測有數據,0,正常觀測有數據
"2025-01-28 18:00:00",0,正常觀測有數據,956.5,正常觀測有數據,76,正常觀測有數據,C0Z220,9.4,正常觀測有數據,0.4,正常觀測有數據,188,正常觀測有數據
"2025-01-28 19:00:00",0,正常觀測有數據,957,正常觀測有數據,74,正常觀測有數據,C0Z220,9.5,正常觀測有數據,0.8,正常觀測有數據,260,正常觀測有數據
"2025-01-28 20:00:00",0,正常觀測有數據,957.6,正常觀測有數據,79,正常觀測有數據,C0Z220,9.4,正常觀測有數據,0.7,正常觀測有數據,268,正常觀測有數據
"2025-01-28 21:00:00",0,正常觀測有數據,957.9,正常觀測有數據,80,正常觀測有數據,C0Z220,9.4,正常觀測有數據,0,正常觀測有數據,0,正常觀測有數據
"2025-01-28 22:00:00",0,正常觀測有數據,958.2,正常觀測有數據,81,正常觀測有數據,C0Z220,9.1,正常觀測有數據,0.1,正常觀測有數據,0,正常觀測有數據
"2025-01-28 23:00:00",0,正常觀測有數據,958.5,正常觀測有數據,78,正常觀測有數據,C0Z220,9.1,正常觀測有數據,0,正常觀測有數據,0,正常觀測有數據
"2025-01-29 00:00:00",0,正常觀測有數據,958.3,正常觀測有數據,86,正常觀測有數據,C0Z220,8.9,正常觀測有數據,0,正常觀測有數據,0,正常觀測有數據
"2025-01-29 01:00:00",0,正常觀測有數據,958.3,正常觀測有數據,79,正常觀測有數據,C0Z220,8.5,正常觀測有數據,0.6,正常觀測有數據,161,正常觀測有數據
"2025-01-29 02:00:00",0,正常觀測有數據,957.9,正常觀測有數據,85,正常觀測有數據,C0Z220,8,正常觀測有數據,0.1,正常觀測有數據,0,正常觀測有數據
"2025-01-29 03:00:00",0,正常觀測有數據,957.9,正常觀測有數據,83,正常觀測有數據,C0Z220,7.8,正常觀測有數據,0,正常觀測有數據,0,正常觀測有數據
"2025-01-29 04:00:00",0,正常觀測有數據,957.3,正常觀測有數據,79,正常觀測有數據,C0Z220,7.9,正常觀測有數據,1.1,正常觀測有數據,251,正常觀測有數據
"2025-01-29 05:00:00",0,正常觀測有數據,957.5,正常觀測有數據,82,正常觀測有數據,C0Z220,7.9,正常觀測有數據,0.6,正常觀測有數據,107,正常觀測有數據
"2025-01-29 06:00:00",0,正常觀測有數據,958.2,正常觀測有數據,78,正常觀測有數據,C0Z220,8.1,正常觀測有數據,0.3,正常觀測有數據,266,正常觀測有數據
"2025-01-29 07:00:00",0,正常觀測有數據,957.6,正常觀測有數據,78,正常觀測有數據,C0Z220,8,正常觀測有數據,0.5,正常觀測有數據,233,正常觀測有數據
"2025-01-29 08:00:00",0,正常觀測有數據,959.1,正常觀測有數據,78,正常觀測有數據,C0Z220,8.6,正常觀測有數據,0,正常觀測有數據,0,正常觀測有數據
"2025-01-29 09:00:00",0,正常觀測有數據,959.5,正常觀測有數據,77,正常觀測有數據,C0Z220,9.3,正常觀測有數據,0.2,正常觀測有數據,0,正常觀測有數據
"2025-01-29 10:00:00",0,正常觀測有數據,959.8,正常觀測有數據,77,正常觀測有數據,C0Z220,9.9,正常觀測有數據,0.1,正常觀測有數據,0,正常觀測有數據
"2025-01-29 11:00:00",0,正常觀測有數據,959.3,正常觀測有數據,75,正常觀測有數據,C0Z220,10.2,正常觀測有數據,0.1,正常觀測有數據,0,正常觀測有數據
"2025-01-29 12:00:00",0,正常觀測有數據,958.3,正常觀測有數據,68,正常觀測有數據,C0Z220,10.6,正常觀測有數據,0.9,正常觀測有數據,44,正常觀測有數據
"2025-01-29 13:00:00",0,正常觀測有數據,957.3,正常觀測有數據,67,正常觀測有數據,C0Z220,11,正常觀測有數據,0.4,正常觀測有數據,40,正常觀測有數據
"2025-01-29 14:00:00",0,正常觀測有數據,956.4,正常觀測有數據,68,正常觀測有數據,C0Z220,11.7,正常觀測有數據,0.4,正常觀測有數據,355,正常觀測有數據
"2025-01-29 15:00:00",0,正常觀測有數據,956.2,正常觀測有數據,70,正常觀測有數據,C0Z220,11,正常觀測有數據,0.3,正常觀測有數據,344,正常觀測有數據
"2025-01-29 16:00:00",0,正常觀測有數據,956.1,正常觀測有數據,73,正常觀測有數據,C0Z220,10.7,正常觀測有數據,0.2,正常觀測有數據,0,正常觀測有數據
"2025-01-29 17:00:00",0,正常觀測有數據,956.3,正常觀測有數據,76,正常觀測有數據,C0Z220,10,正常觀測有數據,0.3,正常觀測有數據,122,正常觀測有數據
"2025-01-29 18:00:00",0,正常觀測有數據,956.3,正常觀測有數據,80,正常觀測有數據,C0Z220,9.6,正常觀測有數據,0,正常觀測有數據,0,正常觀測有數據
"2025-01-29 19:00:00",0,正常觀測有數據,956.6,正常觀測有數據,81,正常觀測有數據,C0Z220,9.1,正常觀測有數據,0.1,正常觀測有數據,0,正常觀測有數據
"2025-01-29 20:00:00",0,正常觀測有數據,957.1,正常觀測有數據,81,正常觀測有數據,C0Z220,9.2,正常觀測有數據,0,正常觀測有數據,0,正常觀測有數據
"2025-01-29 21:00:00",0,正常觀測有數據,957.3,正常觀測有數據,84,正常觀測有數據,C0Z220,8.7,正常觀測有數據,1,正常觀測有數據,219,正常觀測有數據
"2025-01-29 22:00:00",0,正常觀測有數據,957.2,正常觀測有數據,86,正常觀測有數據,C0Z220,8.3,正常觀測有數據,1.3,正常觀測有數據,235,正常觀測有數據
"2025-01-29 23:00:00",0,正常觀測有數據,957.2,正常觀測有數據,83,正常觀測有數據,C0Z220,8.2,正常觀測有數據,0.7,正常觀測有數據,247,正常觀測有數據
"2025-01-30 00:00:00",0,正常觀測有數據,957,正常觀測有數據,88,正常觀測有數據,C0Z220,7.7,正常觀測有數據,2.2,正常觀測有數據,263,正常觀測有數據
"2025-01-30 01:00:00",0,正常觀測有數據,956.1,正常觀測有數據,86,正常觀測有數據,C0Z220,7.8,正常觀測有數據,1.3,正常觀測有數據,252,正常觀測有數據
"2025-01-30 02:00:00",0,正常觀測有數據,955.8,正常觀測有數據,87,正常觀測有數據,C0Z220,7.8,正常觀測有數據,1.7,正常觀測有數據,264,正常觀測有數據
"2025-01-30 03:00:00",0,正常觀測有數據,955.6,正常觀測有數據,84,正常觀測有數據,C0Z220,7.9,正常觀測有數據,1.9,正常觀測有數據,269,正常觀測有數據
"2025-01-30 04:00:00",0,正常觀測有數據,955.6,正常觀測有數據,82,正常觀測有數據,C0Z220,7.9,正常觀測有數據,1.9,正常觀測有數據,265,正常觀測有數據
"2025-01-30 05:00:00",0,正常觀測有數據,955.6,正常觀測有數據,85,正常觀測有數據,C0Z220,7.8,正常觀測有數據,2.1,正常觀測有數據,259,正常觀測有數據
"2025-01-30 06:00:00",0,正常觀測有數據,955.9,正常觀測有數據,81,正常觀測有數據,C0Z220,7.9,正常觀測有數據,2,正常觀測有數據,258,正常觀測有數據
"2025-01-30 07:00:00",0,正常觀測有數據,956.1,正常觀測有數據,81,正常觀測有數據,C0Z220,7.8,正常觀測有數據,2.2,正常觀測有數據,257,正常觀測有數據
"2025-01-30 08:00:00",0,正常觀測有數據,956.5,正常觀測有數據,77,正常觀測有數據,C0Z220,8.5,正常觀測有數據,2.6,正常觀測有數據,256,正常觀測有數據
"2025-01-30 09:00:00",0,正常觀測有數據,956.6,正常觀測有數據,75,正常觀測有數據,C0Z220,9.3,正常觀測有數據,1.5,正常觀測有數據,269,正常觀測有數據
"2025-01-30 10:00:00",0,正常觀測有數據,956.5,正常觀測有數據,59,正常觀測有數據,C0Z220,14.6,正常觀測有數據,0.2,正常觀測有數據,0,正常觀測有數據
"2025-01-30 11:00:00",0,正常觀測有數據,955.7,正常觀測有數據,60,正常觀測有數據,C0Z220,15.5,正常觀測有數據,0.8,正常觀測有數據,50,正常觀測有數據
"2025-01-30 12:00:00",0,正常觀測有數據,954.3,正常觀測有數據,58,正常觀測有數據,C0Z220,16.6,正常觀測有數據,0.9,正常觀測有數據,14,正常觀測有數據
"2025-01-30 13:00:00",0,正常觀測有數據,953.2,正常觀測有數據,59,正常觀測有數據,C0Z220,15.9,正常觀測有數據,1.8,正常觀測有數據,86,正常觀測有數據
"2025-01-30 14:00:00",0,正常觀測有數據,952.3,正常觀測有數據,64,正常觀測有數據,C0Z220,15.3,正常觀測有數據,1.6,正常觀測有數據,82,正常觀測有數據
"2025-01-30 15:00:00",0,正常觀測有數據,951.9,正常觀測有數據,69,正常觀測有數據,C0Z220,13.9,正常觀測有數據,1.3,正常觀測有數據,89,正常觀測有數據
"2025-01-30 16:00:00",0,正常觀測有數據,951.9,正常觀測有數據,61,正常觀測有數據,C0Z220,15.3,正常觀測有數據,0.8,正常觀測有數據,99,正常觀測有數據
"2025-01-30 17:00:00",0,正常觀測有數據,952.3,正常觀測有數據,70,正常觀測有數據,C0Z220,13,正常觀測有數據,0.8,正常觀測有數據,92,正常觀測有數據
"2025-01-30 18:00:00",0,正常觀測有數據,952.7,正常觀測有數據,73,正常觀測有數據,C0Z220,12.6,正常觀測有數據,0.1,正常觀測有數據,0,正常觀測有數據
"2025-01-30 19:00:00",0,正常觀測有數據,953.2,正常觀測有數據,73,正常觀測有數據,C0Z220,12.4,正常觀測有數據,0.5,正常觀測有數據,277,正常觀測有數據
"2025-01-30 20:00:00",0,正常觀測有數據,953.5,正常觀測有數據,77,正常觀測有數據,C0Z220,11.9,正常觀測有數據,2.1,正常觀測有數據,271,正常觀測有數據
"2025-01-30 21:00:00",0,正常觀測有數據,953.7,正常觀測有數據,76,正常觀測有數據,C0Z220,11.9,正常觀測有數據,1.6,正常觀測有數據,254,正常觀測有數據
"2025-01-30 22:00:00",0,正常觀測有數據,953.5,正常觀測有數據,81,正常觀測有數據,C0Z220,11.3,正常觀測有數據,1.5,正常觀測有數據,268,正常觀測有數據
"2025-01-30 23:00:00",0,正常觀測有數據,953.5,正常觀測有數據,80,正常觀測有數據,C0Z220,11.2,正常觀測有數據,1.4,正常觀測有數據,281,正常觀測有數據
"2025-01-31 00:00:00",0,正常觀測有數據,953.2,正常觀測有數據,81,正常觀測有數據,C0Z220,11.2,正常觀測有數據,1.2,正常觀測有數據,262,正常觀測有數據
"2025-01-31 01:00:00",0,正常觀測有數據,952.9,正常觀測有數據,83,正常觀測有數據,C0Z220,11,正常觀測有數據,2.1,正常觀測有數據,263,正常觀測有數據
"2025-01-31 02:00:00",0,正常觀測有數據,952.3,正常觀測有數據,80,正常觀測有數據,C0Z220,11.4,正常觀測有數據,1.7,正常觀測有數據,263,正常觀測有數據
"2025-01-31 03:00:00",0,正常觀測有數據,951.9,正常觀測有數據,86,正常觀測有數據,C0Z220,11.1,正常觀測有數據,1.7,正常觀測有數據,264,正常觀測有數據
"2025-01-31 04:00:00",0,正常觀測有數據,951.4,正常觀測有數據,83,正常觀測有數據,C0Z220,11.2,正常觀測有數據,2.1,正常觀測有數據,260,正常觀測有數據
"2025-01-31 05:00:00",0,正常觀測有數據,951.1,正常觀測有數據,87,正常觀測有數據,C0Z220,11.1,正常觀測有數據,1.8,正常觀測有數據,263,正常觀測有數據
"2025-01-31 06:00:00",0,正常觀測有數據,952.2,正常觀測有數據,89,正常觀測有數據,C0Z220,11.2,正常觀測有數據,1.2,正常觀測有數據,274,正常觀測有數據
"2025-01-31 07:00:00",0.5,正常觀測有數據,952.7,正常觀測有數據,91,正常觀測有數據,C0Z220,11.1,正常觀測有數據,2.8,正常觀測有數據,257,正常觀測有數據
"2025-01-31 08:00:00",0,正常觀測有數據,953.3,正常觀測有數據,96,正常觀測有數據,C0Z220,11.2,正常觀測有數據,1.9,正常觀測有數據,261,正常觀測有數據
"2025-01-31 09:00:00",0.5,正常觀測有數據,953.2,正常觀測有數據,96,正常觀測有數據,C0Z220,11.8,正常觀測有數據,2.4,正常觀測有數據,261,正常觀測有數據
"2025-01-31 10:00:00",0,正常觀測有數據,952.5,正常觀測有數據,90,正常觀測有數據,C0Z220,12.7,正常觀測有數據,2,正常觀測有數據,256,正常觀測有數據
"2025-01-31 11:00:00",0,正常觀測有數據,952,正常觀測有數據,92,正常觀測有數據,C0Z220,13.7,正常觀測有數據,1.5,正常觀測有數據,270,正常觀測有數據
"2025-01-31 12:00:00",0,正常觀測有數據,951.1,正常觀測有數據,82,正常觀測有數據,C0Z220,15.8,正常觀測有數據,0.4,正常觀測有數據,80,正常觀測有數據
"2025-01-31 13:00:00",0.5,正常觀測有數據,950.3,正常觀測有數據,87,正常觀測有數據,C0Z220,15.8,正常觀測有數據,0.1,正常觀測有數據,0,正常觀測有數據
"2025-01-31 14:00:00",0,正常觀測有數據,949.5,正常觀測有數據,93,正常觀測有數據,C0Z220,15.9,正常觀測有數據,0.3,正常觀測有數據,57,正常觀測有數據
"2025-01-31 15:00:00",0,正常觀測有數據,948.9,正常觀測有數據,90,正常觀測有數據,C0Z220,15.6,正常觀測有數據,1,正常觀測有數據,264,正常觀測有數據
"2025-01-31 16:00:00",0,正常觀測有數據,949,正常觀測有數據,95,正常觀測有數據,C0Z220,15.6,正常觀測有數據,0.6,正常觀測有數據,86,正常觀測有數據
"2025-01-31 17:00:00",0.5,正常觀測有數據,949.2,正常觀測有數據,98,正常觀測有數據,C0Z220,14.5,正常觀測有數據,0.1,正常觀測有數據,0,正常觀測有數據
"2025-01-31 18:00:00",0.5,正常觀測有數據,949.4,正常觀測有數據,96,正常觀測有數據,C0Z220,14.6,正常觀測有數據,0.5,正常觀測有數據,280,正常觀測有數據
"2025-01-31 19:00:00",0,正常觀測有數據,949.4,正常觀測有數據,99,正常觀測有數據,C0Z220,14.2,正常觀測有數據,1.1,正常觀測有數據,260,正常觀測有數據
"2025-01-31 20:00:00",0.5,正常觀測有數據,949.4,正常觀測有數據,99,正常觀測有數據,C0Z220,14.2,正常觀測有數據,0.6,正常觀測有數據,245,正常觀測有數據
"2025-01-31 21:00:00",0.5,正常觀測有數據,949.6,正常觀測有數據,99,正常觀測有數據,C0Z220,14.2,正常觀測有數據,0.7,正常觀測有數據,261,正常觀測有數據
"2025-01-31 22:00:00",0.5,正常觀測有數據,949.6,正常觀測有數據,100,正常觀測有數據,C0Z220,13.9,正常觀測有數據,1.4,正常觀測有數據,243,正常觀測有數據
"2025-01-31 23:00:00",0.5,正常觀測有數據,949.3,正常觀測有數據,100,正常觀測有數據,C0Z220,14,正常觀測有數據,1.6,正常觀測有數據,249,正常觀測有數據
