時間,降水量(mm),降水量(mm)_觀測狀態,測站氣壓(hPa),測站氣壓(hPa)_觀測狀態,相對濕度(%),相對濕度(%)_觀測狀態,日照時數(hr),日照時數(hr)_觀測狀態,測站代號,氣溫(℃),氣溫(℃)_觀測狀態,平均風風速(m/s),平均風風速(m/s)_觀測狀態,"平均風風向(360 degree)","平均風風向(360 degree)_觀測狀態"
"2025-01-01 00:00:00",0,正常觀測有數據,888.9,正常觀測有數據,92,正常觀測有數據,,未觀測而無資料,C0I390,14.4,正常觀測有數據,1.3,正常觀測有數據,112,正常觀測有數據
"2025-01-01 01:00:00",0,正常觀測有數據,888.4,正常觀測有數據,87,正常觀測有數據,,未觀測而無資料,C0I390,14.6,正常觀測有數據,1,正常觀測有數據,101,正常觀測有數據
"2025-01-01 02:00:00",0,正常觀測有數據,888.4,正常觀測有數據,92,正常觀測有數據,,未觀測而無資料,C0I390,14,正常觀測有數據,0,正常觀測有數據,0,正常觀測有數據
"2025-01-01 03:00:00",0,正常觀測有數據,888.3,正常觀測有數據,92,正常觀測有數據,,未觀測而無資料,C0I390,14.1,正常觀測有數據,0.7,正常觀測有數據,56,正常觀測有數據
"2025-01-01 04:00:00",0,正常觀測有數據,888.2,正常觀測有數據,95,正常觀測有數據,,未觀測而無資料,C0I390,13.6,正常觀測有數據,1.7,正常觀測有數據,256,正常觀測有數據
"2025-01-01 05:00:00",0,正常觀測有數據,888.1,正常觀測有數據,94,正常觀測有數據,,未觀測而無資料,C0I390,13.8,正常觀測有數據,0.7,正常觀測有數據,103,正常觀測有數據
"2025-01-01 06:00:00",0,正常觀測有數據,888.4,正常觀測有數據,96,正常觀測有數據,,未觀測而無資料,C0I390,13.6,正常觀測有數據,0.8,正常觀測有數據,95,正常觀測有數據
"2025-01-01 07:00:00",0,正常觀測有數據,888.6,正常觀測有數據,95,正常觀測有數據,,未觀測而無資料,C0I390,13.7,正常觀測有數據,1.1,正常觀測有數據,102,正常觀測有數據
"2025-01-01 08:00:00",0,正常觀測有數據,889,正常觀測有數據,96,正常觀測有數據,,未觀測而無資料,C0I390,13.9,正常觀測有數據,0.3,正常觀測有數據,102,正常觀測有數據
"2025-01-01 09:00:00",0.5,正常觀測有數據,889.3,正常觀測有數據,97,正常觀測有數據,,未觀測而無資料,C0I390,14,正常觀測有數據,0.3,正常觀測有數據,253,正常觀測有數據
"2025-01-01 10:00:00",0,正常觀測有數據,889.3,正常觀測有數據,93,正常觀測有數據,,未觀測而無資料,C0I390,15.1,正常觀測有數據,0.2,正常觀測有數據,0,正常觀測有數據
"2025-01-01 11:00:00",0,正常觀測有數據,888.7,正常觀測有數據,94,正常觀測有數據,,未觀測而無資料,C0I390,15.1,正常觀測有數據,0.3,正常觀測有數據,99,正常觀測有數據
"2025-01-01 12:00:00",1,正常觀測有數據,887.9,正常觀測有數據,99,正常觀測有數據,,未觀測而無資料,C0I390,13.8,正常觀測有數據,1.7,正常觀測有數據,269,正常觀測有數據
"2025-01-01 13:00:00",1,正常觀測有數據,887.3,正常觀測有數據,99,正常觀測有數據,,未觀測而無資料,C0I390,13.7,正常觀測有數據,1,正常觀測有數據,272,正常觀測有數據
"2025-01-01 14:00:00",2,正常觀測有數據,887.2,正常觀測有數據,99,正常觀測有數據,,未觀測而無資料,C0I390,13.7,正常觀測有數據,1.6,正常觀測有數據,271,正常觀測有數據
"2025-01-01 15:00:00",0.5,正常觀測有數據,886.7,正常觀測有數據,100,正常觀測有數據,,未觀測而無資料,C0I390,13.8,正常觀測有數據,1.1,正常觀測有數據,269,正常觀測有數據
"2025-01-01 16:00:00",1,正常觀測有數據,886.9,正常觀測有數據,99,正常觀測有數據,,未觀測而無資料,C0I390,13.7,正常觀測有數據,1.3,正常觀測有數據,270,正常觀測有數據
"2025-01-01 17:00:00",1,正常觀測有數據,887.2,正常觀測有數據,99,正常觀測有數據,,未觀測而無資料,C0I390,13.5,正常觀測有數據,0.8,正常觀測有數據,279,正常觀測有數據
"2025-01-01 18:00:00",1,正常觀測有數據,888.1,正常觀測有數據,99,正常觀測有數據,,未觀測而無資料,C0I390,13.4,正常觀測有數據,0.4,正常觀測有數據,284,正常觀測有數據
"2025-01-01 19:00:00",1.5,正常觀測有數據,888.5,正常觀測有數據,99,正常觀測有數據,,未觀測而無資料,C0I390,13.4,正常觀測有數據,0.8,正常觀測有數據,276,正常觀測有數據
"2025-01-01 20:00:00",1.5,正常觀測有數據,889,正常觀測有數據,100,正常觀測有數據,,未觀測而無資料,C0I390,13.3,正常觀測有數據,0.3,正常觀測有數據,268,正常觀測有數據
"2025-01-01 21:00:00",1.5,正常觀測有數據,889.1,正常觀測有數據,99,正常觀測有數據,,未觀測而無資料,C0I390,13.1,正常觀測有數據,0.9,正常觀測有數據,265,正常觀測有數據
"2025-01-01 22:00:00",2,正常觀測有數據,889,正常觀測有數據,100,正常觀測有數據,,未觀測而無資料,C0I390,13,正常觀測有數據,0.6,正常觀測有數據,254,正常觀測有數據
"2025-01-01 23:00:00",1.5,正常觀測有數據,888.7,正常觀測有數據,99,正常觀測有數據,,未觀測而無資料,C0I390,13.2,正常觀測有數據,0,正常觀測有數據,0,正常觀測有數據
"2025-01-02 00:00:00",2,正常觀測有數據,888.8,正常觀測有數據,99,正常觀測有數據,,未觀測而無資料,C0I390,13,正常觀測有數據,0.3,正常觀測有數據,261,正常觀測有數據
"2025-01-02 01:00:00",3,正常觀測有數據,888.9,正常觀測有數據,100,正常觀測有數據,,未觀測而無資料,C0I390,12.8,正常觀測有數據,1.3,正常觀測有數據,255,正常觀測有數據
"2025-01-02 02:00:00",1.5,正常觀測有數據,888.6,正常觀測有數據,99,正常觀測有數據,,未觀測而無資料,C0I390,12.9,正常觀測有數據,0,正常觀測有數據,0,正常觀測有數據
"2025-01-02 03:00:00",2.5,正常觀測有數據,888.5,正常觀測有數據,99,正常觀測有數據,,未觀測而無資料,C0I390,12.9,正常觀測有數據,0,正常觀測有數據,0,正常觀測有數據
"2025-01-02 04:00:00",3.5,正常觀測有數據,888.5,正常觀測有數據,100,正常觀測有數據,,未觀測而無資料,C0I390,12.9,正常觀測有數據,0.4,正常觀測有數據,275,正常觀測有數據
"2025-01-02 05:00:00",1.5,正常觀測有數據,888.3,正常觀測有數據,100,正常觀測有數據,,未觀測而無資料,C0I390,13.1,正常觀測有數據,0.5,正常觀測有數據,100,正常觀測有數據
"2025-01-02 06:00:00",2,正常觀測有數據,888.6,正常觀測有數據,100,正常觀測有數據,,未觀測而無資料,C0I390,13.2,正常觀測有數據,0.7,正常觀測有數據,101,正常觀測有數據
"2025-01-02 07:00:00",1,正常觀測有數據,889.4,正常觀測有數據,100,正常觀測有數據,,未觀測而無資料,C0I390,13.3,正常觀測有數據,1.1,正常觀測有數據,92,正常觀測有數據
"2025-01-02 08:00:00",0.5,正常觀測有數據,889.6,正常觀測有數據,100,正常觀測有數據,,未觀測而無資料,C0I390,13.6,正常觀測有數據,0.9,正常觀測有數據,76,正常觀測有數據
"2025-01-02 09:00:00",0,正常觀測有數據,890.1,正常觀測有數據,100,正常觀測有數據,,未觀測而無資料,C0I390,14,正常觀測有數據,0.7,正常觀測有數據,104,正常觀測有數據
"2025-01-02 10:00:00",0,正常觀測有數據,889.8,正常觀測有數據,99,正常觀測有數據,,未觀測而無資料,C0I390,14.8,正常觀測有數據,1.2,正常觀測有數據,100,正常觀測有數據
"2025-01-02 11:00:00",0,正常觀測有數據,889.6,正常觀測有數據,98,正常觀測有數據,,未觀測而無資料,C0I390,15.3,正常觀測有數據,0.6,正常觀測有數據,97,正常觀測有數據
"2025-01-02 12:00:00",0,正常觀測有數據,888.5,正常觀測有數據,90,正常觀測有數據,,未觀測而無資料,C0I390,16.7,正常觀測有數據,0.7,正常觀測有數據,105,正常觀測有數據
"2025-01-02 13:00:00",0,正常觀測有數據,887.5,正常觀測有數據,83,正常觀測有數據,,未觀測而無資料,C0I390,17.5,正常觀測有數據,0,正常觀測有數據,0,正常觀測有數據
"2025-01-02 14:00:00",0,正常觀測有數據,886.8,正常觀測有數據,80,正常觀測有數據,,未觀測而無資料,C0I390,17.7,正常觀測有數據,0.6,正常觀測有數據,90,正常觀測有數據
"2025-01-02 15:00:00",0,正常觀測有數據,886.7,正常觀測有數據,86,正常觀測有數據,,未觀測而無資料,C0I390,17.4,正常觀測有數據,0.9,正常觀測有數據,110,正常觀測有數據
"2025-01-02 16:00:00",0,正常觀測有數據,886.7,正常觀測有數據,97,正常觀測有數據,,未觀測而無資料,C0I390,16.1,正常觀測有數據,0.8,正常觀測有數據,267,正常觀測有數據
"2025-01-02 17:00:00",0,正常觀測有數據,886.8,正常觀測有數據,98,正常觀測有數據,,未觀測而無資料,C0I390,16.1,正常觀測有數據,0,正常觀測有數據,0,正常觀測有數據
"2025-01-02 18:00:00",0,正常觀測有數據,887.5,正常觀測有數據,99,正常觀測有數據,,未觀測而無資料,C0I390,15,正常觀測有數據,1.3,正常觀測有數據,271,正常觀測有數據
"2025-01-02 19:00:00",0,正常觀測有數據,888,正常觀測有數據,100,正常觀測有數據,,未觀測而無資料,C0I390,15.2,正常觀測有數據,0,正常觀測有數據,0,正常觀測有數據
"2025-01-02 20:00:00",0,正常觀測有數據,888.3,正常觀測有數據,99,正常觀測有數據,,未觀測而無資料,C0I390,14.9,正常觀測有數據,0.6,正常觀測有數據,268,正常觀測有數據
"2025-01-02 21:00:00",0,正常觀測有數據,888.2,正常觀測有數據,100,正常觀測有數據,,未觀測而無資料,C0I390,14.8,正常觀測有數據,0,正常觀測有數據,0,正常觀測有數據
"2025-01-02 22:00:00",0,正常觀測有數據,888.7,正常觀測有數據,100,正常觀測有數據,,未觀測而無資料,C0I390,14.4,正常觀測有數據,1,正常觀測有數據,283,正常觀測有數據
"2025-01-02 23:00:00",0,正常觀測有數據,888.8,正常觀測有數據,99,正常觀測有數據,,未觀測而無資料,C0I390,14.2,正常觀測有數據,0.8,正常觀測有數據,256,正常觀測有數據
"2025-01-03 00:00:00",0,正常觀測有數據,888.6,正常觀測有數據,99,正常觀測有數據,,未觀測而無資料,C0I390,14.3,正常觀測有數據,1,正常觀測有數據,271,正常觀測有數據
"2025-01-03 01:00:00",0,正常觀測有數據,888.6,正常觀測有數據,99,正常觀測有數據,,未觀測而無資料,C0I390,14.4,正常觀測有數據,0,正常觀測有數據,0,正常觀測有數據
"2025-01-03 02:00:00",0,正常觀測有數據,888.1,正常觀測有數據,99,正常觀測有數據,,未觀測而無資料,C0I390,14.4,正常觀測有數據,0.5,正常觀測有數據,104,正常觀測有數據
"2025-01-03 03:00:00",0,正常觀測有數據,887.8,正常觀測有數據,99,正常觀測有數據,,未觀測而無資料,C0I390,14.3,正常觀測有數據,0,正常觀測有數據,0,正常觀測有數據
"2025-01-03 04:00:00",0,正常觀測有數據,887.6,正常觀測有數據,99,正常觀測有數據,,未觀測而無資料,C0I390,14.2,正常觀測有數據,0,正常觀測有數據,0,正常觀測有數據
"2025-01-03 05:00:00",0,正常觀測有數據,887.4,正常觀測有數據,99,正常觀測有數據,,未觀測而無資料,C0I390,14.1,正常觀測有數據,0.4,正常觀測有數據,90,正常觀測有數據
"2025-01-03 06:00:00",0,正常觀測有數據,888,正常觀測有數據,99,正常觀測有數據,,未觀測而無資料,C0I390,14.2,正常觀測有數據,0.4,正常觀測有數據,104,正常觀測有數據
"2025-01-03 07:00:00",0,正常觀測有數據,888.4,正常觀測有數據,99,正常觀測有數據,,未觀測而無資料,C0I390,14,正常觀測有數據,0.3,正常觀測有數據,87,正常觀測有數據
"2025-01-03 08:00:00",0,正常觀測有數據,888.9,正常觀測有數據,97,正常觀測有數據,,未觀測而無資料,C0I390,14.8,正常觀測有數據,0.2,正常觀測有數據,0,正常觀測有數據
"2025-01-03 09:00:00",0,正常觀測有數據,889.2,正常觀測有數據,89,正常觀測有數據,,未觀測而無資料,C0I390,15.8,正常觀測有數據,1,正常觀測有數據,108,正常觀測有數據
"2025-01-03 10:00:00",0,正常觀測有數據,889.2,正常觀測有數據,87,正常觀測有數據,,未觀測而無資料,C0I390,16.7,正常觀測有數據,0.5,正常觀測有數據,96,正常觀測有數據
"2025-01-03 11:00:00",0,正常觀測有數據,888.8,正常觀測有數據,86,正常觀測有數據,,未觀測而無資料,C0I390,17.3,正常觀測有數據,0.6,正常觀測有數據,255,正常觀測有數據
"2025-01-03 12:00:00",0,正常觀測有數據,887.8,正常觀測有數據,84,正常觀測有數據,,未觀測而無資料,C0I390,17.4,正常觀測有數據,1,正常觀測有數據,276,正常觀測有數據
"2025-01-03 13:00:00",0,正常觀測有數據,887,正常觀測有數據,85,正常觀測有數據,,未觀測而無資料,C0I390,16.5,正常觀測有數據,1.7,正常觀測有數據,268,正常觀測有數據
"2025-01-03 14:00:00",0,正常觀測有數據,886.9,正常觀測有數據,87,正常觀測有數據,,未觀測而無資料,C0I390,16,正常觀測有數據,2.5,正常觀測有數據,276,正常觀測有數據
"2025-01-03 15:00:00",0,正常觀測有數據,886.5,正常觀測有數據,82,正常觀測有數據,,未觀測而無資料,C0I390,17.4,正常觀測有數據,0.8,正常觀測有數據,263,正常觀測有數據
"2025-01-03 16:00:00",0,正常觀測有數據,886.5,正常觀測有數據,97,正常觀測有數據,,未觀測而無資料,C0I390,14.9,正常觀測有數據,1.9,正常觀測有數據,265,正常觀測有數據
"2025-01-03 17:00:00",0,正常觀測有數據,887.1,正常觀測有數據,99,正常觀測有數據,,未觀測而無資料,C0I390,14.2,正常觀測有數據,1.1,正常觀測有數據,259,正常觀測有數據
"2025-01-03 18:00:00",0,正常觀測有數據,887.7,正常觀測有數據,100,正常觀測有數據,,未觀測而無資料,C0I390,13.7,正常觀測有數據,1.5,正常觀測有數據,264,正常觀測有數據
"2025-01-03 19:00:00",0,正常觀測有數據,888,正常觀測有數據,99,正常觀測有數據,,未觀測而無資料,C0I390,13.7,正常觀測有數據,1.2,正常觀測有數據,274,正常觀測有數據
"2025-01-03 20:00:00",0,正常觀測有數據,888.3,正常觀測有數據,100,正常觀測有數據,,未觀測而無資料,C0I390,13.9,正常觀測有數據,0,正常觀測有數據,0,正常觀測有數據
"2025-01-03 21:00:00",0,正常觀測有數據,888.5,正常觀測有數據,98,正常觀測有數據,,未觀測而無資料,C0I390,13.4,正常觀測有數據,1.4,正常觀測有數據,103,正常觀測有數據
"2025-01-03 22:00:00",0,正常觀測有數據,888.9,正常觀測有數據,95,正常觀測有數據,,未觀測而無資料,C0I390,12.8,正常觀測有數據,1.3,正常觀測有數據,96,正常觀測有數據
"2025-01-03 23:00:00",0,正常觀測有數據,888.6,正常觀測有數據,90,正常觀測有數據,,未觀測而無資料,C0I390,11.9,正常觀測有數據,0.7,正常觀測有數據,84,正常觀測有數據
"2025-01-04 00:00:00",0,正常觀測有數據,887.9,正常觀測有數據,90,正常觀測有數據,,未觀測而無資料,C0I390,11.2,正常觀測有數據,1.2,正常觀測有數據,90,正常觀測有數據
"2025-01-04 01:00:00",0,正常觀測有數據,888.2,正常觀測有數據,92,正常觀測有數據,,未觀測而無資料,C0I390,10.3,正常觀測有數據,1.7,正常觀測有數據,103,正常觀測有數據
"2025-01-04 02:00:00",0,正常觀測有數據,887.8,正常觀測有數據,83,正常觀測有數據,,未觀測而無資料,C0I390,10.5,正常觀測有數據,0.7,正常觀測有數據,100,正常觀測有數據
"2025-01-04 03:00:00",0,正常觀測有數據,887.6,正常觀測有數據,83,正常觀測有數據,,未觀測而無資料,C0I390,9.8,正常觀測有數據,1.6,正常觀測有數據,102,正常觀測有數據
"2025-01-04 04:00:00",0,正常觀測有數據,888.3,正常觀測有數據,89,正常觀測有數據,,未觀測而無資料,C0I390,8.8,正常觀測有數據,1.5,正常觀測有數據,103,正常觀測有數據
"2025-01-04 05:00:00",0,正常觀測有數據,888.5,正常觀測有數據,87,正常觀測有數據,,未觀測而無資料,C0I390,8.4,正常觀測有數據,1.3,正常觀測有數據,98,正常觀測有數據
"2025-01-04 06:00:00",0,正常觀測有數據,888.9,正常觀測有數據,88,正常觀測有數據,,未觀測而無資料,C0I390,7.8,正常觀測有數據,1.9,正常觀測有數據,104,正常觀測有數據
"2025-01-04 07:00:00",0,正常觀測有數據,889.5,正常觀測有數據,87,正常觀測有數據,,未觀測而無資料,C0I390,7.6,正常觀測有數據,1.9,正常觀測有數據,101,正常觀測有數據
"2025-01-04 08:00:00",0,正常觀測有數據,889.7,正常觀測有數據,77,正常觀測有數據,,未觀測而無資料,C0I390,9.3,正常觀測有數據,1.6,正常觀測有數據,99,正常觀測有數據
"2025-01-04 09:00:00",0,正常觀測有數據,889.8,正常觀測有數據,64,正常觀測有數據,,未觀測而無資料,C0I390,11.8,正常觀測有數據,1.9,正常觀測有數據,107,正常觀測有數據
"2025-01-04 10:00:00",0,正常觀測有數據,889.8,正常觀測有數據,60,正常觀測有數據,,未觀測而無資料,C0I390,14.6,正常觀測有數據,1.2,正常觀測有數據,111,正常觀測有數據
"2025-01-04 11:00:00",0,正常觀測有數據,890.3,正常觀測有數據,59,正常觀測有數據,,未觀測而無資料,C0I390,14.9,正常觀測有數據,2,正常觀測有數據,268,正常觀測有數據
"2025-01-04 12:00:00",0,正常觀測有數據,889.7,正常觀測有數據,60,正常觀測有數據,,未觀測而無資料,C0I390,16.9,正常觀測有數據,1.6,正常觀測有數據,251,正常觀測有數據
"2025-01-04 13:00:00",0,正常觀測有數據,888.7,正常觀測有數據,54,正常觀測有數據,,未觀測而無資料,C0I390,18.5,正常觀測有數據,1.2,正常觀測有數據,269,正常觀測有數據
"2025-01-04 14:00:00",0,正常觀測有數據,888.2,正常觀測有數據,49,正常觀測有數據,,未觀測而無資料,C0I390,18.4,正常觀測有數據,2.6,正常觀測有數據,275,正常觀測有數據
"2025-01-04 15:00:00",0,正常觀測有數據,888,正常觀測有數據,48,正常觀測有數據,,未觀測而無資料,C0I390,19.1,正常觀測有數據,1.2,正常觀測有數據,262,正常觀測有數據
"2025-01-04 16:00:00",0,正常觀測有數據,888,正常觀測有數據,54,正常觀測有數據,,未觀測而無資料,C0I390,18.2,正常觀測有數據,1.5,正常觀測有數據,270,正常觀測有數據
"2025-01-04 17:00:00",0,正常觀測有數據,888.1,正常觀測有數據,73,正常觀測有數據,,未觀測而無資料,C0I390,16.3,正常觀測有數據,1.1,正常觀測有數據,259,正常觀測有數據
"2025-01-04 18:00:00",0,正常觀測有數據,888.5,正常觀測有數據,79,正常觀測有數據,,未觀測而無資料,C0I390,14.4,正常觀測有數據,0.6,正常觀測有數據,102,正常觀測有數據
"2025-01-04 19:00:00",0,正常觀測有數據,888.8,正常觀測有數據,82,正常觀測有數據,,未觀測而無資料,C0I390,13.1,正常觀測有數據,0.4,正常觀測有數據,95,正常觀測有數據
"2025-01-04 20:00:00",0,正常觀測有數據,889.5,正常觀測有數據,85,正常觀測有數據,,未觀測而無資料,C0I390,12.1,正常觀測有數據,0.8,正常觀測有數據,99,正常觀測有數據
"2025-01-04 21:00:00",0,正常觀測有數據,890.2,正常觀測有數據,88,正常觀測有數據,,未觀測而無資料,C0I390,11.4,正常觀測有數據,1.8,正常觀測有數據,104,正常觀測有數據
"2025-01-04 22:00:00",0,正常觀測有數據,889.9,正常觀測有數據,81,正常觀測有數據,,未觀測而無資料,C0I390,11.5,正常觀測有數據,2,正常觀測有數據,102,正常觀測有數據
"2025-01-04 23:00:00",0,正常觀測有數據,889.6,正常觀測有數據,79,正常觀測有數據,,未觀測而無資料,C0I390,11.3,正常觀測有數據,1.3,正常觀測有數據,91,正常觀測有數據
"2025-01-05 00:00:00",0,正常觀測有數據,889.8,正常觀測有數據,86,正常觀測有數據,,未觀測而無資料,C0I390,9.6,正常觀測有數據,1.4,正常觀測有數據,95,正常觀測有數據
"2025-01-05 01:00:00",0,正常觀測有數據,891.2,正常觀測有數據,80,正常觀測有數據,,未觀測而無資料,C0I390,10,正常觀測有數據,1.2,正常觀測有數據,98,正常觀測有數據
"2025-01-05 02:00:00",0,正常觀測有數據,890.6,正常觀測有數據,76,正常觀測有數據,,未觀測而無資料,C0I390,10.4,正常觀測有數據,1.1,正常觀測有數據,97,正常觀測有數據
"2025-01-05 03:00:00",0,正常觀測有數據,890.2,正常觀測有數據,81,正常觀測有數據,,未觀測而無資料,C0I390,10,正常觀測有數據,1,正常觀測有數據,106,正常觀測有數據
"2025-01-05 04:00:00",0,正常觀測有數據,889.7,正常觀測有數據,82,正常觀測有數據,,未觀測而無資料,C0I390,10,正常觀測有數據,0.4,正常觀測有數據,100,正常觀測有數據
"2025-01-05 05:00:00",0,正常觀測有數據,890.2,正常觀測有數據,84,正常觀測有數據,,未觀測而無資料,C0I390,9.6,正常觀測有數據,1.3,正常觀測有數據,102,正常觀測有數據
"2025-01-05 06:00:00",0,正常觀測有數據,890.7,正常觀測有數據,78,正常觀測有數據,,未觀測而無資料,C0I390,10.4,正常觀測有數據,1.1,正常觀測有數據,97,正常觀測有數據
"2025-01-05 07:00:00",0,正常觀測有數據,890.9,正常觀測有數據,83,正常觀測有數據,,未觀測而無資料,C0I390,10.2,正常觀測有數據,1.8,正常觀測有數據,103,正常觀測有數據
"2025-01-05 08:00:00",0,正常觀測有數據,891.5,正常觀測有數據,78,正常觀測有數據,,未觀測而無資料,C0I390,11.5,正常觀測有數據,1.8,正常觀測有數據,100,正常觀測有數據
"2025-01-05 09:00:00",0,正常觀測有數據,891.3,正常觀測有數據,66,正常觀測有數據,,未觀測而無資料,C0I390,14.3,正常觀測有數據,0.4,正常觀測有數據,94,正常觀測有數據
"2025-01-05 10:00:00",0,正常觀測有數據,891,正常觀測有數據,64,正常觀測有數據,,未觀測而無資料,C0I390,15.4,正常觀測有數據,0.5,正常觀測有數據,88,正常觀測有數據
"2025-01-05 11:00:00",0,正常觀測有數據,890.4,正常觀測有數據,60,正常觀測有數據,,未觀測而無資料,C0I390,16.4,正常觀測有數據,0.5,正常觀測有數據,95,正常觀測有數據
"2025-01-05 12:00:00",0,正常觀測有數據,889.5,正常觀測有數據,52,正常觀測有數據,,未觀測而無資料,C0I390,18,正常觀測有數據,0,正常觀測有數據,0,正常觀測有數據
"2025-01-05 13:00:00",0,正常觀測有數據,888.7,正常觀測有數據,54,正常觀測有數據,,未觀測而無資料,C0I390,17.2,正常觀測有數據,1.1,正常觀測有數據,269,正常觀測有數據
"2025-01-05 14:00:00",0,正常觀測有數據,887.8,正常觀測有數據,52,正常觀測有數據,,未觀測而無資料,C0I390,19.2,正常觀測有數據,1.1,正常觀測有數據,265,正常觀測有數據
"2025-01-05 15:00:00",0,正常觀測有數據,887.4,正常觀測有數據,54,正常觀測有數據,,未觀測而無資料,C0I390,18.1,正常觀測有數據,0.8,正常觀測有數據,271,正常觀測有數據
"2025-01-05 16:00:00",0,正常觀測有數據,887.6,正常觀測有數據,54,正常觀測有數據,,未觀測而無資料,C0I390,17,正常觀測有數據,1.8,正常觀測有數據,264,正常觀測有數據
"2025-01-05 17:00:00",0,正常觀測有數據,888.2,正常觀測有數據,70,正常觀測有數據,,未觀測而無資料,C0I390,15.6,正常觀測有數據,1.9,正常觀測有數據,270,正常觀測有數據
"2025-01-05 18:00:00",0,正常觀測有數據,888.5,正常觀測有數據,81,正常觀測有數據,,未觀測而無資料,C0I390,14.4,正常觀測有數據,1.1,正常觀測有數據,273,正常觀測有數據
"2025-01-05 19:00:00",0,正常觀測有數據,888.8,正常觀測有數據,92,正常觀測有數據,,未觀測而無資料,C0I390,13.3,正常觀測有數據,1.6,正常觀測有數據,267,正常觀測有數據
"2025-01-05 20:00:00",0,正常觀測有數據,889.1,正常觀測有數據,91,正常觀測有數據,,未觀測而無資料,C0I390,13.2,正常觀測有數據,0,正常觀測有數據,0,正常觀測有數據
"2025-01-05 21:00:00",0,正常觀測有數據,889.4,正常觀測有數據,81,正常觀測有數據,,未觀測而無資料,C0I390,13.3,正常觀測有數據,0.6,正常觀測有數據,90,正常觀測有數據
"2025-01-05 22:00:00",0,正常觀測有數據,889.6,正常觀測有數據,78,正常觀測有數據,,未觀測而無資料,C0I390,13.2,正常觀測有數據,0.9,正常觀測有數據,99,正常觀測有數據
"2025-01-05 23:00:00",0.5,正常觀測有數據,889.9,正常觀測有數據,84,正常觀測有數據,,未觀測而無資料,C0I390,12.5,正常觀測有數據,0.4,正常觀測有數據,30,正常觀測有數據
"2025-01-06 00:00:00",0,正常觀測有數據,889.5,正常觀測有數據,87,正常觀測有數據,,未觀測而無資料,C0I390,11.8,正常觀測有數據,1.1,正常觀測有數據,93,正常觀測有數據
"2025-01-06 01:00:00",0,正常觀測有數據,889.6,正常觀測有數據,90,正常觀測有數據,,未觀測而無資料,C0I390,11.4,正常觀測有數據,1.1,正常觀測有數據,109,正常觀測有數據
"2025-01-06 02:00:00",0,正常觀測有數據,889.2,正常觀測有數據,92,正常觀測有數據,,未觀測而無資料,C0I390,11,正常觀測有數據,2,正常觀測有數據,108,正常觀測有數據
"2025-01-06 03:00:00",0,正常觀測有數據,888.9,正常觀測有數據,91,正常觀測有數據,,未觀測而無資料,C0I390,10.9,正常觀測有數據,1.3,正常觀測有數據,105,正常觀測有數據
"2025-01-06 04:00:00",0,正常觀測有數據,888.6,正常觀測有數據,92,正常觀測有數據,,未觀測而無資料,C0I390,10.6,正常觀測有數據,1.7,正常觀測有數據,105,正常觀測有數據
"2025-01-06 05:00:00",0,正常觀測有數據,888.7,正常觀測有數據,91,正常觀測有數據,,未觀測而無資料,C0I390,10.5,正常觀測有數據,0.9,正常觀測有數據,102,正常觀測有數據
"2025-01-06 06:00:00",0,正常觀測有數據,889.1,正常觀測有數據,93,正常觀測有數據,,未觀測而無資料,C0I390,9.8,正常觀測有數據,1,正常觀測有數據,96,正常觀測有數據
"2025-01-06 07:00:00",0,正常觀測有數據,889.6,正常觀測有數據,92,正常觀測有數據,,未觀測而無資料,C0I390,9.5,正常觀測有數據,1.4,正常觀測有數據,95,正常觀測有數據
"2025-01-06 08:00:00",0,正常觀測有數據,890.2,正常觀測有數據,86,正常觀測有數據,,未觀測而無資料,C0I390,10.6,正常觀測有數據,1.9,正常觀測有數據,98,正常觀測有數據
"2025-01-06 09:00:00",0,正常觀測有數據,890.3,正常觀測有數據,69,正常觀測有數據,,未觀測而無資料,C0I390,13.3,正常觀測有數據,2.3,正常觀測有數據,107,正常觀測有數據
"2025-01-06 10:00:00",0,正常觀測有數據,889.8,正常觀測有數據,53,正常觀測有數據,,未觀測而無資料,C0I390,16.2,正常觀測有數據,1.9,正常觀測有數據,102,正常觀測有數據
"2025-01-06 11:00:00",0,正常觀測有數據,889.5,正常觀測有數據,40,正常觀測有數據,,未觀測而無資料,C0I390,18.5,正常觀測有數據,0.9,正常觀測有數據,254,正常觀測有數據
"2025-01-06 12:00:00",0,正常觀測有數據,888.7,正常觀測有數據,42,正常觀測有數據,,未觀測而無資料,C0I390,18.3,正常觀測有數據,1.6,正常觀測有數據,258,正常觀測有數據
"2025-01-06 13:00:00",0,正常觀測有數據,887.6,正常觀測有數據,34,正常觀測有數據,,未觀測而無資料,C0I390,20.2,正常觀測有數據,0.8,正常觀測有數據,257,正常觀測有數據
"2025-01-06 14:00:00",0,正常觀測有數據,886.9,正常觀測有數據,37,正常觀測有數據,,未觀測而無資料,C0I390,20,正常觀測有數據,1.3,正常觀測有數據,261,正常觀測有數據
"2025-01-06 15:00:00",0,正常觀測有數據,886.8,正常觀測有數據,37,正常觀測有數據,,未觀測而無資料,C0I390,20,正常觀測有數據,1.3,正常觀測有數據,260,正常觀測有數據
"2025-01-06 16:00:00",0,正常觀測有數據,887.1,正常觀測有數據,47,正常觀測有數據,,未觀測而無資料,C0I390,18.2,正常觀測有數據,2.6,正常觀測有數據,273,正常觀測有數據
"2025-01-06 17:00:00",0,正常觀測有數據,887.2,正常觀測有數據,61,正常觀測有數據,,未觀測而無資料,C0I390,16.7,正常觀測有數據,1.7,正常觀測有數據,275,正常觀測有數據
"2025-01-06 18:00:00",0,正常觀測有數據,888.1,正常觀測有數據,68,正常觀測有數據,,未觀測而無資料,C0I390,14.7,正常觀測有數據,0.4,正常觀測有數據,82,正常觀測有數據
"2025-01-06 19:00:00",0,正常觀測有數據,889,正常觀測有數據,70,正常觀測有數據,,未觀測而無資料,C0I390,13.9,正常觀測有數據,0.4,正常觀測有數據,215,正常觀測有數據
"2025-01-06 20:00:00",0,正常觀測有數據,889.1,正常觀測有數據,73,正常觀測有數據,,未觀測而無資料,C0I390,12.3,正常觀測有數據,0,正常觀測有數據,0,正常觀測有數據
"2025-01-06 21:00:00",0,正常觀測有數據,889.2,正常觀測有數據,67,正常觀測有數據,,未觀測而無資料,C0I390,11.4,正常觀測有數據,1.1,正常觀測有數據,87,正常觀測有數據
"2025-01-06 22:00:00",0,正常觀測有數據,889.1,正常觀測有數據,72,正常觀測有數據,,未觀測而無資料,C0I390,10.1,正常觀測有數據,2,正常觀測有數據,104,正常觀測有數據
"2025-01-06 23:00:00",0,正常觀測有數據,888.7,正常觀測有數據,58,正常觀測有數據,,未觀測而無資料,C0I390,9.9,正常觀測有數據,2.5,正常觀測有數據,105,正常觀測有數據
"2025-01-07 00:00:00",0,正常觀測有數據,888.7,正常觀測有數據,61,正常觀測有數據,,未觀測而無資料,C0I390,8.7,正常觀測有數據,2,正常觀測有數據,101,正常觀測有數據
"2025-01-07 01:00:00",0,正常觀測有數據,888.7,正常觀測有數據,57,正常觀測有數據,,未觀測而無資料,C0I390,8.3,正常觀測有數據,1.5,正常觀測有數據,98,正常觀測有數據
"2025-01-07 02:00:00",0,正常觀測有數據,888.5,正常觀測有數據,61,正常觀測有數據,,未觀測而無資料,C0I390,7.1,正常觀測有數據,2.1,正常觀測有數據,97,正常觀測有數據
"2025-01-07 03:00:00",0,正常觀測有數據,888.4,正常觀測有數據,64,正常觀測有數據,,未觀測而無資料,C0I390,6.6,正常觀測有數據,1.9,正常觀測有數據,101,正常觀測有數據
"2025-01-07 04:00:00",0,正常觀測有數據,888.7,正常觀測有數據,65,正常觀測有數據,,未觀測而無資料,C0I390,6.1,正常觀測有數據,2.7,正常觀測有數據,103,正常觀測有數據
"2025-01-07 05:00:00",0,正常觀測有數據,888,正常觀測有數據,63,正常觀測有數據,,未觀測而無資料,C0I390,6.1,正常觀測有數據,2.6,正常觀測有數據,103,正常觀測有數據
"2025-01-07 06:00:00",0,正常觀測有數據,888.5,正常觀測有數據,64,正常觀測有數據,,未觀測而無資料,C0I390,5.7,正常觀測有數據,2.2,正常觀測有數據,100,正常觀測有數據
"2025-01-07 07:00:00",0,正常觀測有數據,888.6,正常觀測有數據,66,正常觀測有數據,,未觀測而無資料,C0I390,5.6,正常觀測有數據,2.6,正常觀測有數據,103,正常觀測有數據
"2025-01-07 08:00:00",0,正常觀測有數據,889.6,正常觀測有數據,63,正常觀測有數據,,未觀測而無資料,C0I390,6.6,正常觀測有數據,3,正常觀測有數據,100,正常觀測有數據
"2025-01-07 09:00:00",0,正常觀測有數據,890.1,正常觀測有數據,54,正常觀測有數據,,未觀測而無資料,C0I390,9.6,正常觀測有數據,1.5,正常觀測有數據,99,正常觀測有數據
"2025-01-07 10:00:00",0,正常觀測有數據,890.5,正常觀測有數據,52,正常觀測有數據,,未觀測而無資料,C0I390,12.8,正常觀測有數據,1.2,正常觀測有數據,107,正常觀測有數據
"2025-01-07 11:00:00",0,正常觀測有數據,890.3,正常觀測有數據,65,正常觀測有數據,,未觀測而無資料,C0I390,14,正常觀測有數據,1.1,正常觀測有數據,257,正常觀測有數據
"2025-01-07 12:00:00",0,正常觀測有數據,889.6,正常觀測有數據,49,正常觀測有數據,,未觀測而無資料,C0I390,15.1,正常觀測有數據,1.2,正常觀測有數據,253,正常觀測有數據
"2025-01-07 13:00:00",0,正常觀測有數據,888.9,正常觀測有數據,42,正常觀測有數據,,未觀測而無資料,C0I390,15.9,正常觀測有數據,1.9,正常觀測有數據,269,正常觀測有數據
"2025-01-07 14:00:00",0,正常觀測有數據,888.4,正常觀測有數據,40,正常觀測有數據,,未觀測而無資料,C0I390,16.9,正常觀測有數據,1,正常觀測有數據,230,正常觀測有數據
"2025-01-07 15:00:00",0,正常觀測有數據,888.7,正常觀測有數據,51,正常觀測有數據,,未觀測而無資料,C0I390,14.5,正常觀測有數據,1.1,正常觀測有數據,250,正常觀測有數據
"2025-01-07 16:00:00",0,正常觀測有數據,889,正常觀測有數據,54,正常觀測有數據,,未觀測而無資料,C0I390,13.8,正常觀測有數據,1.3,正常觀測有數據,270,正常觀測有數據
"2025-01-07 17:00:00",0,正常觀測有數據,889.7,正常觀測有數據,62,正常觀測有數據,,未觀測而無資料,C0I390,13.2,正常觀測有數據,0.7,正常觀測有數據,264,正常觀測有數據
"2025-01-07 18:00:00",0,正常觀測有數據,890.3,正常觀測有數據,63,正常觀測有數據,,未觀測而無資料,C0I390,13.1,正常觀測有數據,0,正常觀測有數據,0,正常觀測有數據
"2025-01-07 19:00:00",0,正常觀測有數據,890.7,正常觀測有數據,66,正常觀測有數據,,未觀測而無資料,C0I390,12.9,正常觀測有數據,0.5,正常觀測有數據,71,正常觀測有數據
"2025-01-07 20:00:00",0,正常觀測有數據,890.5,正常觀測有數據,67,正常觀測有數據,,未觀測而無資料,C0I390,12.6,正常觀測有數據,0.6,正常觀測有數據,104,正常觀測有數據
"2025-01-07 21:00:00",0,正常觀測有數據,890.6,正常觀測有數據,70,正常觀測有數據,,未觀測而無資料,C0I390,12.2,正常觀測有數據,0.6,正常觀測有數據,85,正常觀測有數據
"2025-01-07 22:00:00",0,正常觀測有數據,890.5,正常觀測有數據,64,正常觀測有數據,,未觀測而無資料,C0I390,12.6,正常觀測有數據,0.8,正常觀測有數據,91,正常觀測有數據
"2025-01-07 23:00:00",0,正常觀測有數據,890.1,正常觀測有數據,69,正常觀測有數據,,未觀測而無資料,C0I390,11.9,正常觀測有數據,1.6,正常觀測有數據,98,正常觀測有數據
"2025-01-08 00:00:00",0,正常觀測有數據,889.6,正常觀測有數據,68,正常觀測有數據,,未觀測而無資料,C0I390,12,正常觀測有數據,1,正常觀測有數據,104,正常觀測有數據
"2025-01-08 01:00:00",0,正常觀測有數據,889,正常觀測有數據,68,正常觀測有數據,,未觀測而無資料,C0I390,12,正常觀測有數據,1.4,正常觀測有數據,102,正常觀測有數據
"2025-01-08 02:00:00",0,正常觀測有數據,888.8,正常觀測有數據,72,正常觀測有數據,,未觀測而無資料,C0I390,11.3,正常觀測有數據,1.3,正常觀測有數據,246,正常觀測有數據
"2025-01-08 03:00:00",0,正常觀測有數據,888.9,正常觀測有數據,75,正常觀測有數據,,未觀測而無資料,C0I390,11.2,正常觀測有數據,1.6,正常觀測有數據,101,正常觀測有數據
"2025-01-08 04:00:00",0,正常觀測有數據,889.1,正常觀測有數據,74,正常觀測有數據,,未觀測而無資料,C0I390,11.5,正常觀測有數據,0,正常觀測有數據,0,正常觀測有數據
"2025-01-08 05:00:00",0,正常觀測有數據,889.1,正常觀測有數據,75,正常觀測有數據,,未觀測而無資料,C0I390,11.1,正常觀測有數據,0,正常觀測有數據,0,正常觀測有數據
"2025-01-08 06:00:00",0,正常觀測有數據,889.5,正常觀測有數據,81,正常觀測有數據,,未觀測而無資料,C0I390,10.7,正常觀測有數據,1.2,正常觀測有數據,100,正常觀測有數據
"2025-01-08 07:00:00",0,正常觀測有數據,889.8,正常觀測有數據,80,正常觀測有數據,,未觀測而無資料,C0I390,10.8,正常觀測有數據,0.9,正常觀測有數據,103,正常觀測有數據
"2025-01-08 08:00:00",0,正常觀測有數據,890.4,正常觀測有數據,84,正常觀測有數據,,未觀測而無資料,C0I390,11.1,正常觀測有數據,0.3,正常觀測有數據,95,正常觀測有數據
"2025-01-08 09:00:00",0,正常觀測有數據,890.7,正常觀測有數據,76,正常觀測有數據,,未觀測而無資料,C0I390,12.4,正常觀測有數據,0,正常觀測有數據,0,正常觀測有數據
"2025-01-08 10:00:00",0,正常觀測有數據,890.7,正常觀測有數據,66,正常觀測有數據,,未觀測而無資料,C0I390,13.6,正常觀測有數據,0.7,正常觀測有數據,252,正常觀測有數據
"2025-01-08 11:00:00",0,正常觀測有數據,890.1,正常觀測有數據,59,正常觀測有數據,,未觀測而無資料,C0I390,15.1,正常觀測有數據,0.6,正常觀測有數據,280,正常觀測有數據
"2025-01-08 12:00:00",0,正常觀測有數據,889.4,正常觀測有數據,59,正常觀測有數據,,未觀測而無資料,C0I390,15.2,正常觀測有數據,1,正常觀測有數據,252,正常觀測有數據
"2025-01-08 13:00:00",0,正常觀測有數據,888.5,正常觀測有數據,59,正常觀測有數據,,未觀測而無資料,C0I390,16.1,正常觀測有數據,1.9,正常觀測有數據,265,正常觀測有數據
"2025-01-08 14:00:00",0,正常觀測有數據,888.1,正常觀測有數據,49,正常觀測有數據,,未觀測而無資料,C0I390,17.4,正常觀測有數據,1.6,正常觀測有數據,252,正常觀測有數據
"2025-01-08 15:00:00",0,正常觀測有數據,888.1,正常觀測有數據,54,正常觀測有數據,,未觀測而無資料,C0I390,16.7,正常觀測有數據,0.7,正常觀測有數據,252,正常觀測有數據
"2025-01-08 16:00:00",0,正常觀測有數據,888.5,正常觀測有數據,58,正常觀測有數據,,未觀測而無資料,C0I390,16.6,正常觀測有數據,0.5,正常觀測有數據,262,正常觀測有數據
"2025-01-08 17:00:00",0,正常觀測有數據,889,正常觀測有數據,69,正常觀測有數據,,未觀測而無資料,C0I390,14.3,正常觀測有數據,2.8,正常觀測有數據,270,正常觀測有數據
"2025-01-08 18:00:00",0,正常觀測有數據,889.7,正常觀測有數據,77,正常觀測有數據,,未觀測而無資料,C0I390,13,正常觀測有數據,0.8,正常觀測有數據,270,正常觀測有數據
"2025-01-08 19:00:00",0,正常觀測有數據,890.4,正常觀測有數據,79,正常觀測有數據,,未觀測而無資料,C0I390,13,正常觀測有數據,0,正常觀測有數據,0,正常觀測有數據
"2025-01-08 20:00:00",0,正常觀測有數據,890.8,正常觀測有數據,79,正常觀測有數據,,未觀測而無資料,C0I390,12.9,正常觀測有數據,0.3,正常觀測有數據,89,正常觀測有數據
"2025-01-08 21:00:00",0,正常觀測有數據,891.1,正常觀測有數據,82,正常觀測有數據,,未觀測而無資料,C0I390,12.5,正常觀測有數據,0.5,正常觀測有數據,104,正常觀測有數據
"2025-01-08 22:00:00",0,正常觀測有數據,891.1,正常觀測有數據,85,正常觀測有數據,,未觀測而無資料,C0I390,12.3,正常觀測有數據,0.4,正常觀測有數據,90,正常觀測有數據
"2025-01-08 23:00:00",0,正常觀測有數據,891.2,正常觀測有數據,87,正常觀測有數據,,未觀測而無資料,C0I390,12.1,正常觀測有數據,0,正常觀測有數據,0,正常觀測有數據
"2025-01-09 00:00:00",0,正常觀測有數據,891.3,正常觀測有數據,89,正常觀測有數據,,未觀測而無資料,C0I390,11.6,正常觀測有數據,0.9,正常觀測有數據,100,正常觀測有數據
"2025-01-09 01:00:00",0,正常觀測有數據,890.7,正常觀測有數據,86,正常觀測有數據,,未觀測而無資料,C0I390,11.7,正常觀測有數據,0.9,正常觀測有數據,104,正常觀測有數據
"2025-01-09 02:00:00",0,正常觀測有數據,890.2,正常觀測有數據,89,正常觀測有數據,,未觀測而無資料,C0I390,11.3,正常觀測有數據,1.3,正常觀測有數據,99,正常觀測有數據
"2025-01-09 03:00:00",0,正常觀測有數據,890,正常觀測有數據,89,正常觀測有數據,,未觀測而無資料,C0I390,11.3,正常觀測有數據,1,正常觀測有數據,114,正常觀測有數據
"2025-01-09 04:00:00",0,正常觀測有數據,889.9,正常觀測有數據,92,正常觀測有數據,,未觀測而無資料,C0I390,11.1,正常觀測有數據,0.2,正常觀測有數據,0,正常觀測有數據
"2025-01-09 05:00:00",0,正常觀測有數據,889.9,正常觀測有數據,90,正常觀測有數據,,未觀測而無資料,C0I390,11.1,正常觀測有數據,0.3,正常觀測有數據,105,正常觀測有數據
"2025-01-09 06:00:00",0,正常觀測有數據,890.3,正常觀測有數據,91,正常觀測有數據,,未觀測而無資料,C0I390,10.8,正常觀測有數據,0.5,正常觀測有數據,100,正常觀測有數據
"2025-01-09 07:00:00",0,正常觀測有數據,890.7,正常觀測有數據,90,正常觀測有數據,,未觀測而無資料,C0I390,10.9,正常觀測有數據,0.6,正常觀測有數據,100,正常觀測有數據
"2025-01-09 08:00:00",0,正常觀測有數據,891.1,正常觀測有數據,89,正常觀測有數據,,未觀測而無資料,C0I390,11.1,正常觀測有數據,1.2,正常觀測有數據,101,正常觀測有數據
"2025-01-09 09:00:00",0,正常觀測有數據,891.5,正常觀測有數據,76,正常觀測有數據,,未觀測而無資料,C0I390,12.9,正常觀測有數據,0.8,正常觀測有數據,103,正常觀測有數據
"2025-01-09 10:00:00",0,正常觀測有數據,891.4,正常觀測有數據,65,正常觀測有數據,,未觀測而無資料,C0I390,14.8,正常觀測有數據,1,正常觀測有數據,98,正常觀測有數據
"2025-01-09 11:00:00",0,正常觀測有數據,890.7,正常觀測有數據,58,正常觀測有數據,,未觀測而無資料,C0I390,15.7,正常觀測有數據,0.9,正常觀測有數據,254,正常觀測有數據
"2025-01-09 12:00:00",0,正常觀測有數據,890.1,正常觀測有數據,64,正常觀測有數據,,未觀測而無資料,C0I390,15.9,正常觀測有數據,1.2,正常觀測有數據,267,正常觀測有數據
"2025-01-09 13:00:00",0,正常觀測有數據,889.4,正常觀測有數據,65,正常觀測有數據,,未觀測而無資料,C0I390,15.5,正常觀測有數據,2,正常觀測有數據,270,正常觀測有數據
"2025-01-09 14:00:00",0,正常觀測有數據,888.9,正常觀測有數據,59,正常觀測有數據,,未觀測而無資料,C0I390,16.7,正常觀測有數據,1,正常觀測有數據,265,正常觀測有數據
"2025-01-09 15:00:00",0,正常觀測有數據,889.1,正常觀測有數據,63,正常觀測有數據,,未觀測而無資料,C0I390,15,正常觀測有數據,2.9,正常觀測有數據,273,正常觀測有數據
"2025-01-09 16:00:00",0,正常觀測有數據,889.6,正常觀測有數據,60,正常觀測有數據,,未觀測而無資料,C0I390,15.2,正常觀測有數據,0.3,正常觀測有數據,238,正常觀測有數據
"2025-01-09 17:00:00",0,正常觀測有數據,890.2,正常觀測有數據,64,正常觀測有數據,,未觀測而無資料,C0I390,14.2,正常觀測有數據,1.1,正常觀測有數據,273,正常觀測有數據
"2025-01-09 18:00:00",0,正常觀測有數據,890.9,正常觀測有數據,63,正常觀測有數據,,未觀測而無資料,C0I390,13.6,正常觀測有數據,1.3,正常觀測有數據,272,正常觀測有數據
"2025-01-09 19:00:00",0,正常觀測有數據,891.2,正常觀測有數據,66,正常觀測有數據,,未觀測而無資料,C0I390,13.6,正常觀測有數據,0,正常觀測有數據,0,正常觀測有數據
"2025-01-09 20:00:00",0,正常觀測有數據,892.1,正常觀測有數據,71,正常觀測有數據,,未觀測而無資料,C0I390,13.2,正常觀測有數據,0,正常觀測有數據,0,正常觀測有數據
"2025-01-09 21:00:00",0,正常觀測有數據,892.6,正常觀測有數據,74,正常觀測有數據,,未觀測而無資料,C0I390,13,正常觀測有數據,0.4,正常觀測有數據,94,正常觀測有數據
"2025-01-09 22:00:00",0,正常觀測有數據,892.8,正常觀測有數據,89,正常觀測有數據,,未觀測而無資料,C0I390,11.3,正常觀測有數據,1.5,正常觀測有數據,257,正常觀測有數據
"2025-01-09 23:00:00",0,正常觀測有數據,892.9,正常觀測有數據,87,正常觀測有數據,,未觀測而無資料,C0I390,11.7,正常觀測有數據,0,正常觀測有數據,0,正常觀測有數據
"2025-01-10 00:00:00",0,正常觀測有數據,892.7,正常觀測有數據,83,正常觀測有數據,,未觀測而無資料,C0I390,12,正常觀測有數據,0.4,正常觀測有數據,102,正常觀測有數據
"2025-01-10 01:00:00",0,正常觀測有數據,892.7,正常觀測有數據,84,正常觀測有數據,,未觀測而無資料,C0I390,11.8,正常觀測有數據,0,正常觀測有數據,0,正常觀測有數據
"2025-01-10 02:00:00",0,正常觀測有數據,892.6,正常觀測有數據,90,正常觀測有數據,,未觀測而無資料,C0I390,11,正常觀測有數據,0.5,正常觀測有數據,244,正常觀測有數據
"2025-01-10 03:00:00",0,正常觀測有數據,892.5,正常觀測有數據,94,正常觀測有數據,,未觀測而無資料,C0I390,11,正常觀測有數據,0,正常觀測有數據,0,正常觀測有數據
"2025-01-10 04:00:00",0,正常觀測有數據,892.7,正常觀測有數據,88,正常觀測有數據,,未觀測而無資料,C0I390,11.3,正常觀測有數據,0,正常觀測有數據,0,正常觀測有數據
"2025-01-10 05:00:00",0,正常觀測有數據,893.1,正常觀測有數據,90,正常觀測有數據,,未觀測而無資料,C0I390,11.1,正常觀測有數據,0.3,正常觀測有數據,107,正常觀測有數據
"2025-01-10 06:00:00",0,正常觀測有數據,893.7,正常觀測有數據,91,正常觀測有數據,,未觀測而無資料,C0I390,10.9,正常觀測有數據,0.5,正常觀測有數據,76,正常觀測有數據
"2025-01-10 07:00:00",0,正常觀測有數據,893.7,正常觀測有數據,91,正常觀測有數據,,未觀測而無資料,C0I390,10.7,正常觀測有數據,0.5,正常觀測有數據,77,正常觀測有數據
"2025-01-10 08:00:00",0,正常觀測有數據,894.3,正常觀測有數據,89,正常觀測有數據,,未觀測而無資料,C0I390,10.8,正常觀測有數據,0.7,正常觀測有數據,89,正常觀測有數據
"2025-01-10 09:00:00",0,正常觀測有數據,894.9,正常觀測有數據,81,正常觀測有數據,,未觀測而無資料,C0I390,12.1,正常觀測有數據,0.7,正常觀測有數據,113,正常觀測有數據
"2025-01-10 10:00:00",0,正常觀測有數據,894.5,正常觀測有數據,63,正常觀測有數據,,未觀測而無資料,C0I390,14.6,正常觀測有數據,0.6,正常觀測有數據,114,正常觀測有數據
"2025-01-10 11:00:00",0,正常觀測有數據,893.8,正常觀測有數據,64,正常觀測有數據,,未觀測而無資料,C0I390,14.8,正常觀測有數據,1.4,正常觀測有數據,263,正常觀測有數據
"2025-01-10 12:00:00",0,正常觀測有數據,892.9,正常觀測有數據,62,正常觀測有數據,,未觀測而無資料,C0I390,15.4,正常觀測有數據,1,正常觀測有數據,265,正常觀測有數據
"2025-01-10 13:00:00",0,正常觀測有數據,892.2,正常觀測有數據,64,正常觀測有數據,,未觀測而無資料,C0I390,14.7,正常觀測有數據,3,正常觀測有數據,266,正常觀測有數據
"2025-01-10 14:00:00",0,正常觀測有數據,891.9,正常觀測有數據,64,正常觀測有數據,,未觀測而無資料,C0I390,15,正常觀測有數據,1.9,正常觀測有數據,269,正常觀測有數據
"2025-01-10 15:00:00",0,正常觀測有數據,891.6,正常觀測有數據,59,正常觀測有數據,,未觀測而無資料,C0I390,15.6,正常觀測有數據,1.4,正常觀測有數據,269,正常觀測有數據
"2025-01-10 16:00:00",0,正常觀測有數據,891.8,正常觀測有數據,63,正常觀測有數據,,未觀測而無資料,C0I390,14.4,正常觀測有數據,2.1,正常觀測有數據,268,正常觀測有數據
"2025-01-10 17:00:00",0,正常觀測有數據,892.5,正常觀測有數據,69,正常觀測有數據,,未觀測而無資料,C0I390,13,正常觀測有數據,1.8,正常觀測有數據,273,正常觀測有數據
"2025-01-10 18:00:00",0,正常觀測有數據,893,正常觀測有數據,76,正常觀測有數據,,未觀測而無資料,C0I390,11.5,正常觀測有數據,2.1,正常觀測有數據,266,正常觀測有數據
"2025-01-10 19:00:00",0,正常觀測有數據,893.6,正常觀測有數據,80,正常觀測有數據,,未觀測而無資料,C0I390,10.9,正常觀測有數據,1.6,正常觀測有數據,260,正常觀測有數據
"2025-01-10 20:00:00",0,正常觀測有數據,893.8,正常觀測有數據,83,正常觀測有數據,,未觀測而無資料,C0I390,10.5,正常觀測有數據,1,正常觀測有數據,248,正常觀測有數據
"2025-01-10 21:00:00",0,正常觀測有數據,894.1,正常觀測有數據,88,正常觀測有數據,,未觀測而無資料,C0I390,10.1,正常觀測有數據,0.5,正常觀測有數據,268,正常觀測有數據
"2025-01-10 22:00:00",0,正常觀測有數據,894.4,正常觀測有數據,90,正常觀測有數據,,未觀測而無資料,C0I390,9.8,正常觀測有數據,1.1,正常觀測有數據,254,正常觀測有數據
"2025-01-10 23:00:00",0,正常觀測有數據,894.2,正常觀測有數據,86,正常觀測有數據,,未觀測而無資料,C0I390,10.8,正常觀測有數據,0,正常觀測有數據,0,正常觀測有數據
"2025-01-11 00:00:00",0,正常觀測有數據,894.2,正常觀測有數據,93,正常觀測有數據,,未觀測而無資料,C0I390,9.5,正常觀測有數據,1.5,正常觀測有數據,264,正常觀測有數據
"2025-01-11 01:00:00",0,正常觀測有數據,894.1,正常觀測有數據,88,正常觀測有數據,,未觀測而無資料,C0I390,9.7,正常觀測有數據,0.2,正常觀測有數據,0,正常觀測有數據
"2025-01-11 02:00:00",0.5,正常觀測有數據,893.8,正常觀測有數據,93,正常觀測有數據,,未觀測而無資料,C0I390,9.1,正常觀測有數據,1.4,正常觀測有數據,255,正常觀測有數據
"2025-01-11 03:00:00",0,正常觀測有數據,893.7,正常觀測有數據,90,正常觀測有數據,,未觀測而無資料,C0I390,9.7,正常觀測有數據,0.2,正常觀測有數據,0,正常觀測有數據
"2025-01-11 04:00:00",0,正常觀測有數據,893.8,正常觀測有數據,95,正常觀測有數據,,未觀測而無資料,C0I390,9.2,正常觀測有數據,0.3,正常觀測有數據,263,正常觀測有數據
"2025-01-11 05:00:00",0,正常觀測有數據,893.9,正常觀測有數據,97,正常觀測有數據,,未觀測而無資料,C0I390,8.7,正常觀測有數據,1,正常觀測有數據,251,正常觀測有數據
"2025-01-11 06:00:00",0,正常觀測有數據,894.1,正常觀測有數據,94,正常觀測有數據,,未觀測而無資料,C0I390,9.5,正常觀測有數據,0.3,正常觀測有數據,59,正常觀測有數據
"2025-01-11 07:00:00",0,正常觀測有數據,893.9,正常觀測有數據,93,正常觀測有數據,,未觀測而無資料,C0I390,9.8,正常觀測有數據,0.2,正常觀測有數據,0,正常觀測有數據
"2025-01-11 08:00:00",0,正常觀測有數據,894.4,正常觀測有數據,91,正常觀測有數據,,未觀測而無資料,C0I390,10.1,正常觀測有數據,0,正常觀測有數據,0,正常觀測有數據
"2025-01-11 09:00:00",0,正常觀測有數據,895,正常觀測有數據,93,正常觀測有數據,,未觀測而無資料,C0I390,9.9,正常觀測有數據,1.1,正常觀測有數據,265,正常觀測有數據
"2025-01-11 10:00:00",0,正常觀測有數據,895.1,正常觀測有數據,90,正常觀測有數據,,未觀測而無資料,C0I390,10.5,正常觀測有數據,0.9,正常觀測有數據,277,正常觀測有數據
"2025-01-11 11:00:00",0,正常觀測有數據,894.5,正常觀測有數據,79,正常觀測有數據,,未觀測而無資料,C0I390,12.2,正常觀測有數據,1.2,正常觀測有數據,253,正常觀測有數據
"2025-01-11 12:00:00",0,正常觀測有數據,893.6,正常觀測有數據,70,正常觀測有數據,,未觀測而無資料,C0I390,14,正常觀測有數據,2.1,正常觀測有數據,268,正常觀測有數據
"2025-01-11 13:00:00",0,正常觀測有數據,892.7,正常觀測有數據,62,正常觀測有數據,,未觀測而無資料,C0I390,15.1,正常觀測有數據,1.9,正常觀測有數據,267,正常觀測有數據
"2025-01-11 14:00:00",0,正常觀測有數據,892.4,正常觀測有數據,81,正常觀測有數據,,未觀測而無資料,C0I390,12.1,正常觀測有數據,1.3,正常觀測有數據,255,正常觀測有數據
"2025-01-11 15:00:00",0,正常觀測有數據,892.6,正常觀測有數據,86,正常觀測有數據,,未觀測而無資料,C0I390,11,正常觀測有數據,0.9,正常觀測有數據,259,正常觀測有數據
"2025-01-11 16:00:00",0,正常觀測有數據,892.7,正常觀測有數據,80,正常觀測有數據,,未觀測而無資料,C0I390,11.6,正常觀測有數據,1.4,正常觀測有數據,268,正常觀測有數據
"2025-01-11 17:00:00",0,正常觀測有數據,892.8,正常觀測有數據,88,正常觀測有數據,,未觀測而無資料,C0I390,10.3,正常觀測有數據,1.4,正常觀測有數據,267,正常觀測有數據
"2025-01-11 18:00:00",0,正常觀測有數據,893,正常觀測有數據,95,正常觀測有數據,,未觀測而無資料,C0I390,9.2,正常觀測有數據,1.2,正常觀測有數據,275,正常觀測有數據
"2025-01-11 19:00:00",0,正常觀測有數據,893.6,正常觀測有數據,98,正常觀測有數據,,未觀測而無資料,C0I390,9.1,正常觀測有數據,1.3,正常觀測有數據,271,正常觀測有數據
"2025-01-11 20:00:00",0,正常觀測有數據,893.9,正常觀測有數據,99,正常觀測有數據,,未觀測而無資料,C0I390,8.9,正常觀測有數據,0.9,正常觀測有數據,262,正常觀測有數據
"2025-01-11 21:00:00",0,正常觀測有數據,893.9,正常觀測有數據,99,正常觀測有數據,,未觀測而無資料,C0I390,8.8,正常觀測有數據,0.9,正常觀測有數據,266,正常觀測有數據
"2025-01-11 22:00:00",0,正常觀測有數據,893.8,正常觀測有數據,99,正常觀測有數據,,未觀測而無資料,C0I390,8.5,正常觀測有數據,1.6,正常觀測有數據,260,正常觀測有數據
"2025-01-11 23:00:00",0,正常觀測有數據,894,正常觀測有數據,99,正常觀測有數據,,未觀測而無資料,C0I390,8.3,正常觀測有數據,1.3,正常觀測有數據,255,正常觀測有數據
"2025-01-12 00:00:00",0,正常觀測有數據,893.8,正常觀測有數據,99,正常觀測有數據,,未觀測而無資料,C0I390,8.3,正常觀測有數據,0.3,正常觀測有數據,202,正常觀測有數據
"2025-01-12 01:00:00",0,正常觀測有數據,893.5,正常觀測有數據,99,正常觀測有數據,,未觀測而無資料,C0I390,7.6,正常觀測有數據,1.6,正常觀測有數據,278,正常觀測有數據
"2025-01-12 02:00:00",0,正常觀測有數據,893,正常觀測有數據,99,正常觀測有數據,,未觀測而無資料,C0I390,7.6,正常觀測有數據,0.5,正常觀測有數據,291,正常觀測有數據
"2025-01-12 03:00:00",0,正常觀測有數據,892.6,正常觀測有數據,99,正常觀測有數據,,未觀測而無資料,C0I390,7.7,正常觀測有數據,0,正常觀測有數據,0,正常觀測有數據
"2025-01-12 04:00:00",0,正常觀測有數據,892.6,正常觀測有數據,99,正常觀測有數據,,未觀測而無資料,C0I390,7.7,正常觀測有數據,0,正常觀測有數據,0,正常觀測有數據
"2025-01-12 05:00:00",0,正常觀測有數據,892.8,正常觀測有數據,97,正常觀測有數據,,未觀測而無資料,C0I390,7.8,正常觀測有數據,0.4,正常觀測有數據,89,正常觀測有數據
"2025-01-12 06:00:00",0,正常觀測有數據,893.1,正常觀測有數據,94,正常觀測有數據,,未觀測而無資料,C0I390,7.6,正常觀測有數據,0.9,正常觀測有數據,37,正常觀測有數據
"2025-01-12 07:00:00",0,正常觀測有數據,893.1,正常觀測有數據,91,正常觀測有數據,,未觀測而無資料,C0I390,7.3,正常觀測有數據,0.9,正常觀測有數據,87,正常觀測有數據
"2025-01-12 08:00:00",0,正常觀測有數據,893.6,正常觀測有數據,84,正常觀測有數據,,未觀測而無資料,C0I390,8.3,正常觀測有數據,1.3,正常觀測有數據,105,正常觀測有數據
"2025-01-12 09:00:00",0,正常觀測有數據,893.8,正常觀測有數據,68,正常觀測有數據,,未觀測而無資料,C0I390,10.4,正常觀測有數據,1,正常觀測有數據,99,正常觀測有數據
"2025-01-12 10:00:00",0,正常觀測有數據,893.5,正常觀測有數據,70,正常觀測有數據,,未觀測而無資料,C0I390,10.9,正常觀測有數據,1.1,正常觀測有數據,252,正常觀測有數據
"2025-01-12 11:00:00",0,正常觀測有數據,893,正常觀測有數據,69,正常觀測有數據,,未觀測而無資料,C0I390,12.4,正常觀測有數據,1.6,正常觀測有數據,272,正常觀測有數據
"2025-01-12 12:00:00",0,正常觀測有數據,892.2,正常觀測有數據,65,正常觀測有數據,,未觀測而無資料,C0I390,13.4,正常觀測有數據,1.7,正常觀測有數據,274,正常觀測有數據
"2025-01-12 13:00:00",0,正常觀測有數據,891.3,正常觀測有數據,60,正常觀測有數據,,未觀測而無資料,C0I390,14.4,正常觀測有數據,1,正常觀測有數據,263,正常觀測有數據
"2025-01-12 14:00:00",0,正常觀測有數據,890.8,正常觀測有數據,59,正常觀測有數據,,未觀測而無資料,C0I390,14.2,正常觀測有數據,1.8,正常觀測有數據,265,正常觀測有數據
"2025-01-12 15:00:00",0,正常觀測有數據,890.3,正常觀測有數據,56,正常觀測有數據,,未觀測而無資料,C0I390,14.7,正常觀測有數據,1.7,正常觀測有數據,264,正常觀測有數據
"2025-01-12 16:00:00",0,正常觀測有數據,890.7,正常觀測有數據,61,正常觀測有數據,,未觀測而無資料,C0I390,13.6,正常觀測有數據,2.3,正常觀測有數據,268,正常觀測有數據
"2025-01-12 17:00:00",0,正常觀測有數據,891.5,正常觀測有數據,66,正常觀測有數據,,未觀測而無資料,C0I390,12.3,正常觀測有數據,2.1,正常觀測有數據,270,正常觀測有數據
"2025-01-12 18:00:00",0,正常觀測有數據,892.4,正常觀測有數據,75,正常觀測有數據,,未觀測而無資料,C0I390,10.4,正常觀測有數據,1.5,正常觀測有數據,275,正常觀測有數據
"2025-01-12 19:00:00",0,正常觀測有數據,893.1,正常觀測有數據,77,正常觀測有數據,,未觀測而無資料,C0I390,10.1,正常觀測有數據,0,正常觀測有數據,0,正常觀測有數據
"2025-01-12 20:00:00",0,正常觀測有數據,893.3,正常觀測有數據,83,正常觀測有數據,,未觀測而無資料,C0I390,8.7,正常觀測有數據,1.2,正常觀測有數據,96,正常觀測有數據
"2025-01-12 21:00:00",0,正常觀測有數據,893.3,正常觀測有數據,81,正常觀測有數據,,未觀測而無資料,C0I390,7.6,正常觀測有數據,1.5,正常觀測有數據,100,正常觀測有數據
"2025-01-12 22:00:00",0,正常觀測有數據,893.2,正常觀測有數據,76,正常觀測有數據,,未觀測而無資料,C0I390,6.7,正常觀測有數據,1.6,正常觀測有數據,97,正常觀測有數據
"2025-01-12 23:00:00",0,正常觀測有數據,893.2,正常觀測有數據,69,正常觀測有數據,,未觀測而無資料,C0I390,5.9,正常觀測有數據,2.2,正常觀測有數據,103,正常觀測有數據
"2025-01-13 00:00:00",0,正常觀測有數據,892.7,正常觀測有數據,63,正常觀測有數據,,未觀測而無資料,C0I390,5.3,正常觀測有數據,2.1,正常觀測有數據,101,正常觀測有數據
"2025-01-13 01:00:00",0,正常觀測有數據,892.7,正常觀測有數據,64,正常觀測有數據,,未觀測而無資料,C0I390,4.4,正常觀測有數據,1.6,正常觀測有數據,99,正常觀測有數據
"2025-01-13 02:00:00",0,正常觀測有數據,892.9,正常觀測有數據,64,正常觀測有數據,,未觀測而無資料,C0I390,4,正常觀測有數據,1.7,正常觀測有數據,100,正常觀測有數據
"2025-01-13 03:00:00",0,正常觀測有數據,892.6,正常觀測有數據,63,正常觀測有數據,,未觀測而無資料,C0I390,3.4,正常觀測有數據,2.7,正常觀測有數據,102,正常觀測有數據
"2025-01-13 04:00:00",0,正常觀測有數據,892.2,正常觀測有數據,58,正常觀測有數據,,未觀測而無資料,C0I390,3.7,正常觀測有數據,2.2,正常觀測有數據,104,正常觀測有數據
"2025-01-13 05:00:00",0,正常觀測有數據,892.2,正常觀測有數據,60,正常觀測有數據,,未觀測而無資料,C0I390,3.2,正常觀測有數據,2.2,正常觀測有數據,105,正常觀測有數據
"2025-01-13 06:00:00",0,正常觀測有數據,892.3,正常觀測有數據,63,正常觀測有數據,,未觀測而無資料,C0I390,2.7,正常觀測有數據,2,正常觀測有數據,99,正常觀測有數據
"2025-01-13 07:00:00",0,正常觀測有數據,892.8,正常觀測有數據,62,正常觀測有數據,,未觀測而無資料,C0I390,2.6,正常觀測有數據,2.5,正常觀測有數據,103,正常觀測有數據
"2025-01-13 08:00:00",0,正常觀測有數據,893.7,正常觀測有數據,61,正常觀測有數據,,未觀測而無資料,C0I390,3.5,正常觀測有數據,2.9,正常觀測有數據,97,正常觀測有數據
"2025-01-13 09:00:00",0,正常觀測有數據,893.7,正常觀測有數據,45,正常觀測有數據,,未觀測而無資料,C0I390,7.1,正常觀測有數據,2.6,正常觀測有數據,103,正常觀測有數據
"2025-01-13 10:00:00",0,正常觀測有數據,893.4,正常觀測有數據,37,正常觀測有數據,,未觀測而無資料,C0I390,11.1,正常觀測有數據,1.1,正常觀測有數據,109,正常觀測有數據
"2025-01-13 11:00:00",0,正常觀測有數據,892.9,正常觀測有數據,29,正常觀測有數據,,未觀測而無資料,C0I390,13.7,正常觀測有數據,0.5,正常觀測有數據,237,正常觀測有數據
"2025-01-13 12:00:00",0,正常觀測有數據,892,正常觀測有數據,38,正常觀測有數據,,未觀測而無資料,C0I390,14.8,正常觀測有數據,1.3,正常觀測有數據,258,正常觀測有數據
"2025-01-13 13:00:00",0,正常觀測有數據,891.3,正常觀測有數據,35,正常觀測有數據,,未觀測而無資料,C0I390,16.5,正常觀測有數據,0.8,正常觀測有數據,271,正常觀測有數據
"2025-01-13 14:00:00",0,正常觀測有數據,891,正常觀測有數據,34,正常觀測有數據,,未觀測而無資料,C0I390,16.3,正常觀測有數據,1.5,正常觀測有數據,267,正常觀測有數據
"2025-01-13 15:00:00",0,正常觀測有數據,890.7,正常觀測有數據,19,正常觀測有數據,,未觀測而無資料,C0I390,17.6,正常觀測有數據,1,正常觀測有數據,268,正常觀測有數據
"2025-01-13 16:00:00",0,正常觀測有數據,890.8,正常觀測有數據,30,正常觀測有數據,,未觀測而無資料,C0I390,17.1,正常觀測有數據,0.7,正常觀測有數據,272,正常觀測有數據
"2025-01-13 17:00:00",0,正常觀測有數據,891.2,正常觀測有數據,41,正常觀測有數據,,未觀測而無資料,C0I390,15.2,正常觀測有數據,1.2,正常觀測有數據,276,正常觀測有數據
"2025-01-13 18:00:00",0,正常觀測有數據,891.7,正常觀測有數據,48,正常觀測有數據,,未觀測而無資料,C0I390,12,正常觀測有數據,1.4,正常觀測有數據,97,正常觀測有數據
"2025-01-13 19:00:00",0,正常觀測有數據,892,正常觀測有數據,52,正常觀測有數據,,未觀測而無資料,C0I390,10.9,正常觀測有數據,0.9,正常觀測有數據,102,正常觀測有數據
"2025-01-13 20:00:00",0,正常觀測有數據,892.5,正常觀測有數據,54,正常觀測有數據,,未觀測而無資料,C0I390,10,正常觀測有數據,2.3,正常觀測有數據,103,正常觀測有數據
"2025-01-13 21:00:00",0,正常觀測有數據,892.5,正常觀測有數據,60,正常觀測有數據,,未觀測而無資料,C0I390,8.7,正常觀測有數據,2.6,正常觀測有數據,101,正常觀測有數據
"2025-01-13 22:00:00",0,正常觀測有數據,892.8,正常觀測有數據,62,正常觀測有數據,,未觀測而無資料,C0I390,8.8,正常觀測有數據,2.2,正常觀測有數據,98,正常觀測有數據
"2025-01-13 23:00:00",0,正常觀測有數據,892.7,正常觀測有數據,68,正常觀測有數據,,未觀測而無資料,C0I390,8.8,正常觀測有數據,2.8,正常觀測有數據,104,正常觀測有數據
"2025-01-14 00:00:00",0,正常觀測有數據,892.6,正常觀測有數據,70,正常觀測有數據,,未觀測而無資料,C0I390,9.2,正常觀測有數據,1.4,正常觀測有數據,94,正常觀測有數據
"2025-01-14 01:00:00",0,正常觀測有數據,892.3,正常觀測有數據,74,正常觀測有數據,,未觀測而無資料,C0I390,8.8,正常觀測有數據,1.8,正常觀測有數據,100,正常觀測有數據
"2025-01-14 02:00:00",0,正常觀測有數據,892,正常觀測有數據,75,正常觀測有數據,,未觀測而無資料,C0I390,8.9,正常觀測有數據,2.9,正常觀測有數據,104,正常觀測有數據
"2025-01-14 03:00:00",0,正常觀測有數據,891.8,正常觀測有數據,79,正常觀測有數據,,未觀測而無資料,C0I390,8.3,正常觀測有數據,2.9,正常觀測有數據,104,正常觀測有數據
"2025-01-14 04:00:00",0,正常觀測有數據,891.6,正常觀測有數據,85,正常觀測有數據,,未觀測而無資料,C0I390,7.4,正常觀測有數據,1.4,正常觀測有數據,99,正常觀測有數據
"2025-01-14 05:00:00",0,正常觀測有數據,891.9,正常觀測有數據,84,正常觀測有數據,,未觀測而無資料,C0I390,7.1,正常觀測有數據,2.2,正常觀測有數據,100,正常觀測有數據
"2025-01-14 06:00:00",0,正常觀測有數據,892.3,正常觀測有數據,79,正常觀測有數據,,未觀測而無資料,C0I390,7.2,正常觀測有數據,1.5,正常觀測有數據,97,正常觀測有數據
"2025-01-14 07:00:00",0,正常觀測有數據,892.8,正常觀測有數據,83,正常觀測有數據,,未觀測而無資料,C0I390,6.5,正常觀測有數據,2.4,正常觀測有數據,100,正常觀測有數據
"2025-01-14 08:00:00",0,正常觀測有數據,893.4,正常觀測有數據,73,正常觀測有數據,,未觀測而無資料,C0I390,8.6,正常觀測有數據,1.9,正常觀測有數據,100,正常觀測有數據
"2025-01-14 09:00:00",0,正常觀測有數據,893.9,正常觀測有數據,58,正常觀測有數據,,未觀測而無資料,C0I390,11.5,正常觀測有數據,1.8,正常觀測有數據,106,正常觀測有數據
"2025-01-14 10:00:00",0,正常觀測有數據,894,正常觀測有數據,56,正常觀測有數據,,未觀測而無資料,C0I390,14.3,正常觀測有數據,1.3,正常觀測有數據,105,正常觀測有數據
"2025-01-14 11:00:00",0,正常觀測有數據,893.3,正常觀測有數據,47,正常觀測有數據,,未觀測而無資料,C0I390,17.8,正常觀測有數據,0,正常觀測有數據,0,正常觀測有數據
"2025-01-14 12:00:00",0,正常觀測有數據,892.5,正常觀測有數據,48,正常觀測有數據,,未觀測而無資料,C0I390,18.6,正常觀測有數據,1.1,正常觀測有數據,254,正常觀測有數據
"2025-01-14 13:00:00",0,正常觀測有數據,891.6,正常觀測有數據,49,正常觀測有數據,,未觀測而無資料,C0I390,18.5,正常觀測有數據,1.7,正常觀測有數據,258,正常觀測有數據
"2025-01-14 14:00:00",0,正常觀測有數據,890.8,正常觀測有數據,47,正常觀測有數據,,未觀測而無資料,C0I390,19.5,正常觀測有數據,1.6,正常觀測有數據,256,正常觀測有數據
"2025-01-14 15:00:00",0,正常觀測有數據,890.5,正常觀測有數據,48,正常觀測有數據,,未觀測而無資料,C0I390,20.3,正常觀測有數據,0.3,正常觀測有數據,254,正常觀測有數據
"2025-01-14 16:00:00",0,正常觀測有數據,890.5,正常觀測有數據,55,正常觀測有數據,,未觀測而無資料,C0I390,18.1,正常觀測有數據,1.8,正常觀測有數據,270,正常觀測有數據
"2025-01-14 17:00:00",0,正常觀測有數據,891.7,正常觀測有數據,65,正常觀測有數據,,未觀測而無資料,C0I390,15.2,正常觀測有數據,2.7,正常觀測有數據,264,正常觀測有數據
"2025-01-14 18:00:00",0,正常觀測有數據,892.1,正常觀測有數據,78,正常觀測有數據,,未觀測而無資料,C0I390,13.2,正常觀測有數據,2.2,正常觀測有數據,271,正常觀測有數據
"2025-01-14 19:00:00",0,正常觀測有數據,892.3,正常觀測有數據,80,正常觀測有數據,,未觀測而無資料,C0I390,12.3,正常觀測有數據,2.5,正常觀測有數據,271,正常觀測有數據
"2025-01-14 20:00:00",0,正常觀測有數據,892.7,正常觀測有數據,77,正常觀測有數據,,未觀測而無資料,C0I390,11.9,正常觀測有數據,1.6,正常觀測有數據,272,正常觀測有數據
"2025-01-14 21:00:00",0,正常觀測有數據,893.5,正常觀測有數據,75,正常觀測有數據,,未觀測而無資料,C0I390,11.3,正常觀測有數據,1.8,正常觀測有數據,267,正常觀測有數據
"2025-01-14 22:00:00",0.5,正常觀測有數據,893.3,正常觀測有數據,87,正常觀測有數據,,未觀測而無資料,C0I390,10.9,正常觀測有數據,0,正常觀測有數據,0,正常觀測有數據
"2025-01-14 23:00:00",1.5,正常觀測有數據,892.9,正常觀測有數據,95,正常觀測有數據,,未觀測而無資料,C0I390,10.6,正常觀測有數據,0.4,正常觀測有數據,99,正常觀測有數據
"2025-01-15 00:00:00",0,正常觀測有數據,892.4,正常觀測有數據,97,正常觀測有數據,,未觀測而無資料,C0I390,10.6,正常觀測有數據,0.8,正常觀測有數據,112,正常觀測有數據
"2025-01-15 01:00:00",1.5,正常觀測有數據,892.5,正常觀測有數據,99,正常觀測有數據,,未觀測而無資料,C0I390,9.5,正常觀測有數據,2,正常觀測有數據,265,正常觀測有數據
"2025-01-15 02:00:00",2.5,正常觀測有數據,892.8,正常觀測有數據,100,正常觀測有數據,,未觀測而無資料,C0I390,9.4,正常觀測有數據,1.5,正常觀測有數據,280,正常觀測有數據
"2025-01-15 03:00:00",2,正常觀測有數據,892.4,正常觀測有數據,100,正常觀測有數據,,未觀測而無資料,C0I390,9.4,正常觀測有數據,1.3,正常觀測有數據,270,正常觀測有數據
"2025-01-15 04:00:00",1.5,正常觀測有數據,893.1,正常觀測有數據,100,正常觀測有數據,,未觀測而無資料,C0I390,9.3,正常觀測有數據,0.9,正常觀測有數據,268,正常觀測有數據
"2025-01-15 05:00:00",0.5,正常觀測有數據,892.8,正常觀測有數據,100,正常觀測有數據,,未觀測而無資料,C0I390,9.9,正常觀測有數據,0.4,正常觀測有數據,106,正常觀測有數據
"2025-01-15 06:00:00",1.5,正常觀測有數據,892.9,正常觀測有數據,99,正常觀測有數據,,未觀測而無資料,C0I390,10.2,正常觀測有數據,0.5,正常觀測有數據,85,正常觀測有數據
"2025-01-15 07:00:00",0.5,正常觀測有數據,893.3,正常觀測有數據,99,正常觀測有數據,,未觀測而無資料,C0I390,10.3,正常觀測有數據,1.3,正常觀測有數據,95,正常觀測有數據
"2025-01-15 08:00:00",1,正常觀測有數據,893.5,正常觀測有數據,99,正常觀測有數據,,未觀測而無資料,C0I390,10.6,正常觀測有數據,0.8,正常觀測有數據,90,正常觀測有數據
"2025-01-15 09:00:00",1,正常觀測有數據,893.5,正常觀測有數據,99,正常觀測有數據,,未觀測而無資料,C0I390,11,正常觀測有數據,0.7,正常觀測有數據,77,正常觀測有數據
"2025-01-15 10:00:00",1,正常觀測有數據,893.9,正常觀測有數據,99,正常觀測有數據,,未觀測而無資料,C0I390,11.5,正常觀測有數據,0.6,正常觀測有數據,119,正常觀測有數據
"2025-01-15 11:00:00",0.5,正常觀測有數據,893,正常觀測有數據,99,正常觀測有數據,,未觀測而無資料,C0I390,12.3,正常觀測有數據,0.5,正常觀測有數據,110,正常觀測有數據
"2025-01-15 12:00:00",0,正常觀測有數據,891.9,正常觀測有數據,98,正常觀測有數據,,未觀測而無資料,C0I390,12.5,正常觀測有數據,,未觀測而無資料,,未觀測而無資料
"2025-01-15 13:00:00",0.5,正常觀測有數據,891.5,正常觀測有數據,98,正常觀測有數據,,未觀測而無資料,C0I390,13,正常觀測有數據,0.8,正常觀測有數據,101,正常觀測有數據
"2025-01-15 14:00:00",1,正常觀測有數據,890.9,正常觀測有數據,97,正常觀測有數據,,未觀測而無資料,C0I390,12.8,正常觀測有數據,1.1,正常觀測有數據,107,正常觀測有數據
"2025-01-15 15:00:00",1,正常觀測有數據,890.4,正常觀測有數據,96,正常觀測有數據,,未觀測而無資料,C0I390,12.6,正常觀測有數據,0,正常觀測有數據,0,正常觀測有數據
"2025-01-15 16:00:00",0.5,正常觀測有數據,890.4,正常觀測有數據,97,正常觀測有數據,,未觀測而無資料,C0I390,12.8,正常觀測有數據,0.4,正常觀測有數據,110,正常觀測有數據
"2025-01-15 17:00:00",0,正常觀測有數據,890.6,正常觀測有數據,96,正常觀測有數據,,未觀測而無資料,C0I390,12.2,正常觀測有數據,0.9,正常觀測有數據,161,正常觀測有數據
"2025-01-15 18:00:00",0,正常觀測有數據,891.2,正常觀測有數據,99,正常觀測有數據,,未觀測而無資料,C0I390,12,正常觀測有數據,0.2,正常觀測有數據,0,正常觀測有數據
"2025-01-15 19:00:00",0,正常觀測有數據,891.7,正常觀測有數據,99,正常觀測有數據,,未觀測而無資料,C0I390,11.8,正常觀測有數據,0.8,正常觀測有數據,266,正常觀測有數據
"2025-01-15 20:00:00",0,正常觀測有數據,891.9,正常觀測有數據,99,正常觀測有數據,,未觀測而無資料,C0I390,11.4,正常觀測有數據,0.8,正常觀測有數據,277,正常觀測有數據
"2025-01-15 21:00:00",0,正常觀測有數據,892.1,正常觀測有數據,100,正常觀測有數據,,未觀測而無資料,C0I390,11.1,正常觀測有數據,1.1,正常觀測有數據,275,正常觀測有數據
"2025-01-15 22:00:00",0,正常觀測有數據,892.3,正常觀測有數據,99,正常觀測有數據,,未觀測而無資料,C0I390,11,正常觀測有數據,0.6,正常觀測有數據,111,正常觀測有數據
"2025-01-15 23:00:00",0,正常觀測有數據,892.1,正常觀測有數據,95,正常觀測有數據,,未觀測而無資料,C0I390,10.8,正常觀測有數據,1.1,正常觀測有數據,100,正常觀測有數據
"2025-01-16 00:00:00",0,正常觀測有數據,892,正常觀測有數據,93,正常觀測有數據,,未觀測而無資料,C0I390,9.9,正常觀測有數據,1.7,正常觀測有數據,100,正常觀測有數據
"2025-01-16 01:00:00",0,正常觀測有數據,891.9,正常觀測有數據,93,正常觀測有數據,,未觀測而無資料,C0I390,9.3,正常觀測有數據,2,正常觀測有數據,102,正常觀測有數據
"2025-01-16 02:00:00",0,正常觀測有數據,891.7,正常觀測有數據,87,正常觀測有數據,,未觀測而無資料,C0I390,9.4,正常觀測有數據,1.8,正常觀測有數據,94,正常觀測有數據
"2025-01-16 03:00:00",0,正常觀測有數據,891.4,正常觀測有數據,85,正常觀測有數據,,未觀測而無資料,C0I390,9.4,正常觀測有數據,2.3,正常觀測有數據,99,正常觀測有數據
"2025-01-16 04:00:00",0,正常觀測有數據,891.2,正常觀測有數據,88,正常觀測有數據,,未觀測而無資料,C0I390,9.1,正常觀測有數據,1.5,正常觀測有數據,97,正常觀測有數據
"2025-01-16 05:00:00",0,正常觀測有數據,891.4,正常觀測有數據,89,正常觀測有數據,,未觀測而無資料,C0I390,9.1,正常觀測有數據,1.3,正常觀測有數據,102,正常觀測有數據
"2025-01-16 06:00:00",0,正常觀測有數據,891.7,正常觀測有數據,91,正常觀測有數據,,未觀測而無資料,C0I390,8.8,正常觀測有數據,1.2,正常觀測有數據,91,正常觀測有數據
"2025-01-16 07:00:00",0,正常觀測有數據,892.2,正常觀測有數據,94,正常觀測有數據,,未觀測而無資料,C0I390,8.5,正常觀測有數據,1.3,正常觀測有數據,98,正常觀測有數據
"2025-01-16 08:00:00",0,正常觀測有數據,892.4,正常觀測有數據,88,正常觀測有數據,,未觀測而無資料,C0I390,9.9,正常觀測有數據,2.5,正常觀測有數據,105,正常觀測有數據
"2025-01-16 09:00:00",0,正常觀測有數據,892.4,正常觀測有數據,74,正常觀測有數據,,未觀測而無資料,C0I390,12.2,正常觀測有數據,1.1,正常觀測有數據,94,正常觀測有數據
"2025-01-16 10:00:00",0,正常觀測有數據,892.1,正常觀測有數據,65,正常觀測有數據,,未觀測而無資料,C0I390,14.5,正常觀測有數據,0.9,正常觀測有數據,113,正常觀測有數據
"2025-01-16 11:00:00",0,正常觀測有數據,891.4,正常觀測有數據,70,正常觀測有數據,,未觀測而無資料,C0I390,14.3,正常觀測有數據,1.5,正常觀測有數據,255,正常觀測有數據
"2025-01-16 12:00:00",0,正常觀測有數據,890.8,正常觀測有數據,76,正常觀測有數據,,未觀測而無資料,C0I390,13.7,正常觀測有數據,2,正常觀測有數據,262,正常觀測有數據
"2025-01-16 13:00:00",0,正常觀測有數據,890.3,正常觀測有數據,81,正常觀測有數據,,未觀測而無資料,C0I390,12.8,正常觀測有數據,3.4,正常觀測有數據,274,正常觀測有數據
"2025-01-16 14:00:00",0,正常觀測有數據,889.8,正常觀測有數據,77,正常觀測有數據,,未觀測而無資料,C0I390,13.6,正常觀測有數據,1.9,正常觀測有數據,262,正常觀測有數據
"2025-01-16 15:00:00",0,正常觀測有數據,889.3,正常觀測有數據,75,正常觀測有數據,,未觀測而無資料,C0I390,13.9,正常觀測有數據,1.3,正常觀測有數據,261,正常觀測有數據
"2025-01-16 16:00:00",0,正常觀測有數據,889.4,正常觀測有數據,86,正常觀測有數據,,未觀測而無資料,C0I390,11.7,正常觀測有數據,2.5,正常觀測有數據,275,正常觀測有數據
"2025-01-16 17:00:00",0,正常觀測有數據,890.5,正常觀測有數據,93,正常觀測有數據,,未觀測而無資料,C0I390,10,正常觀測有數據,2.5,正常觀測有數據,271,正常觀測有數據
"2025-01-16 18:00:00",0,正常觀測有數據,891.2,正常觀測有數據,94,正常觀測有數據,,未觀測而無資料,C0I390,9.5,正常觀測有數據,1.5,正常觀測有數據,269,正常觀測有數據
"2025-01-16 19:00:00",0,正常觀測有數據,891.5,正常觀測有數據,96,正常觀測有數據,,未觀測而無資料,C0I390,9.3,正常觀測有數據,0.8,正常觀測有數據,277,正常觀測有數據
"2025-01-16 20:00:00",0,正常觀測有數據,892.1,正常觀測有數據,97,正常觀測有數據,,未觀測而無資料,C0I390,8.8,正常觀測有數據,0.4,正常觀測有數據,278,正常觀測有數據
"2025-01-16 21:00:00",0,正常觀測有數據,892.3,正常觀測有數據,99,正常觀測有數據,,未觀測而無資料,C0I390,8.5,正常觀測有數據,0.4,正常觀測有數據,314,正常觀測有數據
"2025-01-16 22:00:00",0,正常觀測有數據,892.4,正常觀測有數據,96,正常觀測有數據,,未觀測而無資料,C0I390,8.4,正常觀測有數據,0,正常觀測有數據,0,正常觀測有數據
"2025-01-16 23:00:00",0,正常觀測有數據,892.4,正常觀測有數據,91,正常觀測有數據,,未觀測而無資料,C0I390,7.9,正常觀測有數據,1,正常觀測有數據,103,正常觀測有數據
"2025-01-17 00:00:00",0,正常觀測有數據,892.2,正常觀測有數據,90,正常觀測有數據,,未觀測而無資料,C0I390,7.3,正常觀測有數據,1.5,正常觀測有數據,102,正常觀測有數據
"2025-01-17 01:00:00",0,正常觀測有數據,891.9,正常觀測有數據,85,正常觀測有數據,,未觀測而無資料,C0I390,7.2,正常觀測有數據,1.8,正常觀測有數據,100,正常觀測有數據
"2025-01-17 02:00:00",0,正常觀測有數據,891.4,正常觀測有數據,84,正常觀測有數據,,未觀測而無資料,C0I390,6.7,正常觀測有數據,1.2,正常觀測有數據,86,正常觀測有數據
"2025-01-17 03:00:00",0,正常觀測有數據,890.9,正常觀測有數據,84,正常觀測有數據,,未觀測而無資料,C0I390,6.2,正常觀測有數據,1.5,正常觀測有數據,97,正常觀測有數據
"2025-01-17 04:00:00",0,正常觀測有數據,890.8,正常觀測有數據,86,正常觀測有數據,,未觀測而無資料,C0I390,5.5,正常觀測有數據,2.3,正常觀測有數據,103,正常觀測有數據
"2025-01-17 05:00:00",0,正常觀測有數據,890.9,正常觀測有數據,87,正常觀測有數據,,未觀測而無資料,C0I390,5.1,正常觀測有數據,1.3,正常觀測有數據,91,正常觀測有數據
"2025-01-17 06:00:00",0,正常觀測有數據,891.3,正常觀測有數據,88,正常觀測有數據,,未觀測而無資料,C0I390,4.6,正常觀測有數據,1.6,正常觀測有數據,92,正常觀測有數據
"2025-01-17 07:00:00",0,正常觀測有數據,891.9,正常觀測有數據,88,正常觀測有數據,,未觀測而無資料,C0I390,4.3,正常觀測有數據,2,正常觀測有數據,100,正常觀測有數據
"2025-01-17 08:00:00",0,正常觀測有數據,891.6,正常觀測有數據,85,正常觀測有數據,,未觀測而無資料,C0I390,5.4,正常觀測有數據,2.4,正常觀測有數據,103,正常觀測有數據
"2025-01-17 09:00:00",0,正常觀測有數據,891.5,正常觀測有數據,68,正常觀測有數據,,未觀測而無資料,C0I390,8.7,正常觀測有數據,1.7,正常觀測有數據,101,正常觀測有數據
"2025-01-17 10:00:00",0,正常觀測有數據,890.9,正常觀測有數據,56,正常觀測有數據,,未觀測而無資料,C0I390,12.1,正常觀測有數據,1.2,正常觀測有數據,103,正常觀測有數據
"2025-01-17 11:00:00",0,正常觀測有數據,890.4,正常觀測有數據,44,正常觀測有數據,,未觀測而無資料,C0I390,14,正常觀測有數據,0.8,正常觀測有數據,201,正常觀測有數據
"2025-01-17 12:00:00",0,正常觀測有數據,889.6,正常觀測有數據,47,正常觀測有數據,,未觀測而無資料,C0I390,15.2,正常觀測有數據,0.5,正常觀測有數據,257,正常觀測有數據
"2025-01-17 13:00:00",0,正常觀測有數據,888.5,正常觀測有數據,49,正常觀測有數據,,未觀測而無資料,C0I390,16.1,正常觀測有數據,1.1,正常觀測有數據,261,正常觀測有數據
"2025-01-17 14:00:00",0,正常觀測有數據,887.8,正常觀測有數據,55,正常觀測有數據,,未觀測而無資料,C0I390,15.6,正常觀測有數據,2.2,正常觀測有數據,263,正常觀測有數據
"2025-01-17 15:00:00",0,正常觀測有數據,887.7,正常觀測有數據,67,正常觀測有數據,,未觀測而無資料,C0I390,14,正常觀測有數據,3.5,正常觀測有數據,267,正常觀測有數據
"2025-01-17 16:00:00",0,正常觀測有數據,888.4,正常觀測有數據,73,正常觀測有數據,,未觀測而無資料,C0I390,11.8,正常觀測有數據,4.9,正常觀測有數據,273,正常觀測有數據
"2025-01-17 17:00:00",0,正常觀測有數據,889.1,正常觀測有數據,74,正常觀測有數據,,未觀測而無資料,C0I390,11.5,正常觀測有數據,1.8,正常觀測有數據,278,正常觀測有數據
"2025-01-17 18:00:00",0,正常觀測有數據,889.6,正常觀測有數據,78,正常觀測有數據,,未觀測而無資料,C0I390,10.6,正常觀測有數據,0.5,正常觀測有數據,344,正常觀測有數據
"2025-01-17 19:00:00",0,正常觀測有數據,889.4,正常觀測有數據,86,正常觀測有數據,,未觀測而無資料,C0I390,9.7,正常觀測有數據,0.9,正常觀測有數據,90,正常觀測有數據
"2025-01-17 20:00:00",0,正常觀測有數據,889.9,正常觀測有數據,90,正常觀測有數據,,未觀測而無資料,C0I390,8.8,正常觀測有數據,1.7,正常觀測有數據,103,正常觀測有數據
"2025-01-17 21:00:00",0,正常觀測有數據,889.5,正常觀測有數據,87,正常觀測有數據,,未觀測而無資料,C0I390,8.4,正常觀測有數據,1.1,正常觀測有數據,102,正常觀測有數據
"2025-01-17 22:00:00",0,正常觀測有數據,889.8,正常觀測有數據,89,正常觀測有數據,,未觀測而無資料,C0I390,8.6,正常觀測有數據,0.6,正常觀測有數據,239,正常觀測有數據
"2025-01-17 23:00:00",0,正常觀測有數據,889.7,正常觀測有數據,93,正常觀測有數據,,未觀測而無資料,C0I390,7,正常觀測有數據,1.8,正常觀測有數據,101,正常觀測有數據
"2025-01-18 00:00:00",0,正常觀測有數據,889.9,正常觀測有數據,86,正常觀測有數據,,未觀測而無資料,C0I390,7,正常觀測有數據,1.8,正常觀測有數據,101,正常觀測有數據
"2025-01-18 01:00:00",0,正常觀測有數據,890,正常觀測有數據,87,正常觀測有數據,,未觀測而無資料,C0I390,6.3,正常觀測有數據,2.2,正常觀測有數據,100,正常觀測有數據
"2025-01-18 02:00:00",0,正常觀測有數據,889.9,正常觀測有數據,85,正常觀測有數據,,未觀測而無資料,C0I390,6.2,正常觀測有數據,2.1,正常觀測有數據,105,正常觀測有數據
"2025-01-18 03:00:00",0,正常觀測有數據,889.2,正常觀測有數據,69,正常觀測有數據,,未觀測而無資料,C0I390,8.3,正常觀測有數據,3.2,正常觀測有數據,104,正常觀測有數據
"2025-01-18 04:00:00",0,正常觀測有數據,889.4,正常觀測有數據,85,正常觀測有數據,,未觀測而無資料,C0I390,8.2,正常觀測有數據,1.6,正常觀測有數據,107,正常觀測有數據
"2025-01-18 05:00:00",0,正常觀測有數據,889.5,正常觀測有數據,80,正常觀測有數據,,未觀測而無資料,C0I390,7.9,正常觀測有數據,1.2,正常觀測有數據,94,正常觀測有數據
"2025-01-18 06:00:00",0,正常觀測有數據,890,正常觀測有數據,85,正常觀測有數據,,未觀測而無資料,C0I390,8.1,正常觀測有數據,1.1,正常觀測有數據,105,正常觀測有數據
"2025-01-18 07:00:00",0,正常觀測有數據,890,正常觀測有數據,92,正常觀測有數據,,未觀測而無資料,C0I390,8,正常觀測有數據,1,正常觀測有數據,87,正常觀測有數據
"2025-01-18 08:00:00",0,正常觀測有數據,890.2,正常觀測有數據,94,正常觀測有數據,,未觀測而無資料,C0I390,8.5,正常觀測有數據,0.8,正常觀測有數據,108,正常觀測有數據
"2025-01-18 09:00:00",0,正常觀測有數據,890.5,正常觀測有數據,87,正常觀測有數據,,未觀測而無資料,C0I390,9.7,正常觀測有數據,1,正常觀測有數據,104,正常觀測有數據
"2025-01-18 10:00:00",0,正常觀測有數據,890.5,正常觀測有數據,85,正常觀測有數據,,未觀測而無資料,C0I390,10.6,正常觀測有數據,0.8,正常觀測有數據,105,正常觀測有數據
"2025-01-18 11:00:00",0,正常觀測有數據,889.9,正常觀測有數據,82,正常觀測有數據,,未觀測而無資料,C0I390,11.3,正常觀測有數據,1.4,正常觀測有數據,109,正常觀測有數據
"2025-01-18 12:00:00",0,正常觀測有數據,889,正常觀測有數據,77,正常觀測有數據,,未觀測而無資料,C0I390,12.8,正常觀測有數據,1.3,正常觀測有數據,110,正常觀測有數據
"2025-01-18 13:00:00",0,正常觀測有數據,888.2,正常觀測有數據,74,正常觀測有數據,,未觀測而無資料,C0I390,13.9,正常觀測有數據,0.7,正常觀測有數據,114,正常觀測有數據
"2025-01-18 14:00:00",0,正常觀測有數據,887.5,正常觀測有數據,65,正常觀測有數據,,未觀測而無資料,C0I390,14.4,正常觀測有數據,0.5,正常觀測有數據,234,正常觀測有數據
"2025-01-18 15:00:00",0,正常觀測有數據,887.2,正常觀測有數據,70,正常觀測有數據,,未觀測而無資料,C0I390,13.5,正常觀測有數據,0.6,正常觀測有數據,257,正常觀測有數據
"2025-01-18 16:00:00",0,正常觀測有數據,887.2,正常觀測有數據,73,正常觀測有數據,,未觀測而無資料,C0I390,13.6,正常觀測有數據,0.4,正常觀測有數據,230,正常觀測有數據
"2025-01-18 17:00:00",0,正常觀測有數據,887.5,正常觀測有數據,90,正常觀測有數據,,未觀測而無資料,C0I390,11.9,正常觀測有數據,0.3,正常觀測有數據,166,正常觀測有數據
"2025-01-18 18:00:00",0.5,正常觀測有數據,887.7,正常觀測有數據,96,正常觀測有數據,,未觀測而無資料,C0I390,11.4,正常觀測有數據,0,正常觀測有數據,0,正常觀測有數據
"2025-01-18 19:00:00",0,正常觀測有數據,887.9,正常觀測有數據,98,正常觀測有數據,,未觀測而無資料,C0I390,11.4,正常觀測有數據,0.2,正常觀測有數據,0,正常觀測有數據
"2025-01-18 20:00:00",0,正常觀測有數據,887.9,正常觀測有數據,97,正常觀測有數據,,未觀測而無資料,C0I390,11.4,正常觀測有數據,0.3,正常觀測有數據,80,正常觀測有數據
"2025-01-18 21:00:00",0,正常觀測有數據,888,正常觀測有數據,99,正常觀測有數據,,未觀測而無資料,C0I390,10.9,正常觀測有數據,1.4,正常觀測有數據,264,正常觀測有數據
"2025-01-18 22:00:00",0,正常觀測有數據,888,正常觀測有數據,99,正常觀測有數據,,未觀測而無資料,C0I390,10.8,正常觀測有數據,0.6,正常觀測有數據,268,正常觀測有數據
"2025-01-18 23:00:00",0,正常觀測有數據,888.1,正常觀測有數據,99,正常觀測有數據,,未觀測而無資料,C0I390,10.4,正常觀測有數據,1,正常觀測有數據,272,正常觀測有數據
"2025-01-19 00:00:00",0.5,正常觀測有數據,887.5,正常觀測有數據,100,正常觀測有數據,,未觀測而無資料,C0I390,10.2,正常觀測有數據,0,正常觀測有數據,0,正常觀測有數據
"2025-01-19 01:00:00",0,正常觀測有數據,886.8,正常觀測有數據,100,正常觀測有數據,,未觀測而無資料,C0I390,10.5,正常觀測有數據,0.5,正常觀測有數據,42,正常觀測有數據
"2025-01-19 02:00:00",0,正常觀測有數據,886.7,正常觀測有數據,99,正常觀測有數據,,未觀測而無資料,C0I390,10,正常觀測有數據,1.1,正常觀測有數據,267,正常觀測有數據
"2025-01-19 03:00:00",0,正常觀測有數據,886.4,正常觀測有數據,99,正常觀測有數據,,未觀測而無資料,C0I390,9.5,正常觀測有數據,0.8,正常觀測有數據,249,正常觀測有數據
"2025-01-19 04:00:00",0,正常觀測有數據,886.1,正常觀測有數據,99,正常觀測有數據,,未觀測而無資料,C0I390,10.3,正常觀測有數據,0.3,正常觀測有數據,79,正常觀測有數據
"2025-01-19 05:00:00",0.5,正常觀測有數據,886.3,正常觀測有數據,99,正常觀測有數據,,未觀測而無資料,C0I390,9.7,正常觀測有數據,1.9,正常觀測有數據,260,正常觀測有數據
"2025-01-19 06:00:00",0,正常觀測有數據,886.8,正常觀測有數據,99,正常觀測有數據,,未觀測而無資料,C0I390,8.9,正常觀測有數據,3.1,正常觀測有數據,260,正常觀測有數據
"2025-01-19 07:00:00",2,正常觀測有數據,887.5,正常觀測有數據,99,正常觀測有數據,,未觀測而無資料,C0I390,8.9,正常觀測有數據,1.1,正常觀測有數據,258,正常觀測有數據
"2025-01-19 08:00:00",1,正常觀測有數據,887.7,正常觀測有數據,99,正常觀測有數據,,未觀測而無資料,C0I390,9.5,正常觀測有數據,0.8,正常觀測有數據,102,正常觀測有數據
"2025-01-19 09:00:00",1.5,正常觀測有數據,887.9,正常觀測有數據,99,正常觀測有數據,,未觀測而無資料,C0I390,9.7,正常觀測有數據,0.5,正常觀測有數據,82,正常觀測有數據
"2025-01-19 10:00:00",0,正常觀測有數據,888,正常觀測有數據,98,正常觀測有數據,,未觀測而無資料,C0I390,10.1,正常觀測有數據,0.3,正常觀測有數據,83,正常觀測有數據
"2025-01-19 11:00:00",1,正常觀測有數據,887.6,正常觀測有數據,99,正常觀測有數據,,未觀測而無資料,C0I390,10.4,正常觀測有數據,0.8,正常觀測有數據,105,正常觀測有數據
"2025-01-19 12:00:00",0,正常觀測有數據,886.5,正常觀測有數據,97,正常觀測有數據,,未觀測而無資料,C0I390,11.3,正常觀測有數據,0.6,正常觀測有數據,97,正常觀測有數據
"2025-01-19 13:00:00",0,正常觀測有數據,885.6,正常觀測有數據,94,正常觀測有數據,,未觀測而無資料,C0I390,11.9,正常觀測有數據,0.5,正常觀測有數據,115,正常觀測有數據
"2025-01-19 14:00:00",0,正常觀測有數據,885.2,正常觀測有數據,90,正常觀測有數據,,未觀測而無資料,C0I390,12.6,正常觀測有數據,0.5,正常觀測有數據,113,正常觀測有數據
"2025-01-19 15:00:00",0,正常觀測有數據,884.8,正常觀測有數據,85,正常觀測有數據,,未觀測而無資料,C0I390,13.8,正常觀測有數據,0.5,正常觀測有數據,79,正常觀測有數據
"2025-01-19 16:00:00",0,正常觀測有數據,884.4,正常觀測有數據,73,正常觀測有數據,,未觀測而無資料,C0I390,15.4,正常觀測有數據,0.7,正常觀測有數據,104,正常觀測有數據
"2025-01-19 17:00:00",0,正常觀測有數據,884.6,正常觀測有數據,80,正常觀測有數據,,未觀測而無資料,C0I390,13.7,正常觀測有數據,0.9,正常觀測有數據,87,正常觀測有數據
"2025-01-19 18:00:00",0,正常觀測有數據,885,正常觀測有數據,84,正常觀測有數據,,未觀測而無資料,C0I390,11.8,正常觀測有數據,1,正常觀測有數據,69,正常觀測有數據
"2025-01-19 19:00:00",0,正常觀測有數據,885.4,正常觀測有數據,92,正常觀測有數據,,未觀測而無資料,C0I390,10.5,正常觀測有數據,2,正常觀測有數據,104,正常觀測有數據
"2025-01-19 20:00:00",0,正常觀測有數據,885.8,正常觀測有數據,92,正常觀測有數據,,未觀測而無資料,C0I390,10.5,正常觀測有數據,0.8,正常觀測有數據,98,正常觀測有數據
"2025-01-19 21:00:00",0,正常觀測有數據,885.8,正常觀測有數據,93,正常觀測有數據,,未觀測而無資料,C0I390,10.4,正常觀測有數據,1.2,正常觀測有數據,101,正常觀測有數據
"2025-01-19 22:00:00",0,正常觀測有數據,886,正常觀測有數據,96,正常觀測有數據,,未觀測而無資料,C0I390,10.1,正常觀測有數據,1.4,正常觀測有數據,99,正常觀測有數據
"2025-01-19 23:00:00",0,正常觀測有數據,886.3,正常觀測有數據,98,正常觀測有數據,,未觀測而無資料,C0I390,9.3,正常觀測有數據,1.8,正常觀測有數據,99,正常觀測有數據
"2025-01-20 00:00:00",0,正常觀測有數據,886.1,正常觀測有數據,97,正常觀測有數據,,未觀測而無資料,C0I390,9.3,正常觀測有數據,2,正常觀測有數據,102,正常觀測有數據
"2025-01-20 01:00:00",0,正常觀測有數據,885.6,正常觀測有數據,93,正常觀測有數據,,未觀測而無資料,C0I390,9.7,正常觀測有數據,2.2,正常觀測有數據,101,正常觀測有數據
"2025-01-20 02:00:00",0,正常觀測有數據,885.3,正常觀測有數據,96,正常觀測有數據,,未觀測而無資料,C0I390,9.2,正常觀測有數據,1.9,正常觀測有數據,100,正常觀測有數據
"2025-01-20 03:00:00",0,正常觀測有數據,884.9,正常觀測有數據,95,正常觀測有數據,,未觀測而無資料,C0I390,9,正常觀測有數據,1.6,正常觀測有數據,101,正常觀測有數據
"2025-01-20 04:00:00",0,正常觀測有數據,884.6,正常觀測有數據,98,正常觀測有數據,,未觀測而無資料,C0I390,8.4,正常觀測有數據,2.1,正常觀測有數據,103,正常觀測有數據
"2025-01-20 05:00:00",0,正常觀測有數據,884.8,正常觀測有數據,96,正常觀測有數據,,未觀測而無資料,C0I390,7.9,正常觀測有數據,1.7,正常觀測有數據,101,正常觀測有數據
"2025-01-20 06:00:00",0,正常觀測有數據,885.4,正常觀測有數據,95,正常觀測有數據,,未觀測而無資料,C0I390,7.6,正常觀測有數據,1.8,正常觀測有數據,97,正常觀測有數據
"2025-01-20 07:00:00",0,正常觀測有數據,885.6,正常觀測有數據,96,正常觀測有數據,,未觀測而無資料,C0I390,7.2,正常觀測有數據,1.9,正常觀測有數據,100,正常觀測有數據
"2025-01-20 08:00:00",0,正常觀測有數據,885.8,正常觀測有數據,94,正常觀測有數據,,未觀測而無資料,C0I390,8.1,正常觀測有數據,1.8,正常觀測有數據,106,正常觀測有數據
"2025-01-20 09:00:00",0,正常觀測有數據,886.2,正常觀測有數據,88,正常觀測有數據,,未觀測而無資料,C0I390,10.7,正常觀測有數據,1.9,正常觀測有數據,102,正常觀測有數據
"2025-01-20 10:00:00",0,正常觀測有數據,886.3,正常觀測有數據,71,正常觀測有數據,,未觀測而無資料,C0I390,14.1,正常觀測有數據,1,正常觀測有數據,106,正常觀測有數據
"2025-01-20 11:00:00",0,正常觀測有數據,885.9,正常觀測有數據,57,正常觀測有數據,,未觀測而無資料,C0I390,16.1,正常觀測有數據,0.4,正常觀測有數據,239,正常觀測有數據
"2025-01-20 12:00:00",0,正常觀測有數據,885.2,正常觀測有數據,61,正常觀測有數據,,未觀測而無資料,C0I390,16.3,正常觀測有數據,1.9,正常觀測有數據,266,正常觀測有數據
"2025-01-20 13:00:00",0,正常觀測有數據,884.5,正常觀測有數據,62,正常觀測有數據,,未觀測而無資料,C0I390,15.5,正常觀測有數據,3.4,正常觀測有數據,268,正常觀測有數據
"2025-01-20 14:00:00",0,正常觀測有數據,884.3,正常觀測有數據,73,正常觀測有數據,,未觀測而無資料,C0I390,15.3,正常觀測有數據,1.5,正常觀測有數據,265,正常觀測有數據
"2025-01-20 15:00:00",0,正常觀測有數據,884.4,正常觀測有數據,82,正常觀測有數據,,未觀測而無資料,C0I390,14,正常觀測有數據,1.2,正常觀測有數據,275,正常觀測有數據
"2025-01-20 16:00:00",0,正常觀測有數據,884.8,正常觀測有數據,87,正常觀測有數據,,未觀測而無資料,C0I390,13.2,正常觀測有數據,1.1,正常觀測有數據,262,正常觀測有數據
"2025-01-20 17:00:00",0,正常觀測有數據,885.6,正常觀測有數據,89,正常觀測有數據,,未觀測而無資料,C0I390,13,正常觀測有數據,0.6,正常觀測有數據,271,正常觀測有數據
"2025-01-20 18:00:00",0,正常觀測有數據,886.1,正常觀測有數據,89,正常觀測有數據,,未觀測而無資料,C0I390,12.8,正常觀測有數據,0.8,正常觀測有數據,256,正常觀測有數據
"2025-01-20 19:00:00",0,正常觀測有數據,886.8,正常觀測有數據,87,正常觀測有數據,,未觀測而無資料,C0I390,13,正常觀測有數據,0,正常觀測有數據,0,正常觀測有數據
"2025-01-20 20:00:00",0,正常觀測有數據,887.1,正常觀測有數據,90,正常觀測有數據,,未觀測而無資料,C0I390,12.5,正常觀測有數據,0,正常觀測有數據,0,正常觀測有數據
"2025-01-20 21:00:00",0,正常觀測有數據,887.3,正常觀測有數據,91,正常觀測有數據,,未觀測而無資料,C0I390,12,正常觀測有數據,0.5,正常觀測有數據,96,正常觀測有數據
"2025-01-20 22:00:00",0,正常觀測有數據,887.3,正常觀測有數據,92,正常觀測有數據,,未觀測而無資料,C0I390,11.4,正常觀測有數據,0.2,正常觀測有數據,0,正常觀測有數據
"2025-01-20 23:00:00",0,正常觀測有數據,887.6,正常觀測有數據,93,正常觀測有數據,,未觀測而無資料,C0I390,10.4,正常觀測有數據,1,正常觀測有數據,107,正常觀測有數據
"2025-01-21 00:00:00",0,正常觀測有數據,887.4,正常觀測有數據,94,正常觀測有數據,,未觀測而無資料,C0I390,9.5,正常觀測有數據,1.3,正常觀測有數據,98,正常觀測有數據
"2025-01-21 01:00:00",0,正常觀測有數據,887.4,正常觀測有數據,90,正常觀測有數據,,未觀測而無資料,C0I390,9,正常觀測有數據,1.3,正常觀測有數據,89,正常觀測有數據
"2025-01-21 02:00:00",0,正常觀測有數據,887.3,正常觀測有數據,90,正常觀測有數據,,未觀測而無資料,C0I390,8.3,正常觀測有數據,2.2,正常觀測有數據,104,正常觀測有數據
"2025-01-21 03:00:00",0,正常觀測有數據,887.6,正常觀測有數據,89,正常觀測有數據,,未觀測而無資料,C0I390,8,正常觀測有數據,2,正常觀測有數據,100,正常觀測有數據
"2025-01-21 04:00:00",0,正常觀測有數據,887.7,正常觀測有數據,90,正常觀測有數據,,未觀測而無資料,C0I390,7.4,正常觀測有數據,1.7,正常觀測有數據,101,正常觀測有數據
"2025-01-21 05:00:00",0,正常觀測有數據,887.9,正常觀測有數據,88,正常觀測有數據,,未觀測而無資料,C0I390,7.2,正常觀測有數據,1.8,正常觀測有數據,101,正常觀測有數據
"2025-01-21 06:00:00",0,正常觀測有數據,888.1,正常觀測有數據,86,正常觀測有數據,,未觀測而無資料,C0I390,6.9,正常觀測有數據,1.8,正常觀測有數據,101,正常觀測有數據
"2025-01-21 07:00:00",0,正常觀測有數據,888.2,正常觀測有數據,86,正常觀測有數據,,未觀測而無資料,C0I390,6.8,正常觀測有數據,2.4,正常觀測有數據,102,正常觀測有數據
"2025-01-21 08:00:00",0,正常觀測有數據,888.2,正常觀測有數據,84,正常觀測有數據,,未觀測而無資料,C0I390,8.3,正常觀測有數據,1.6,正常觀測有數據,102,正常觀測有數據
"2025-01-21 09:00:00",0,正常觀測有數據,888.6,正常觀測有數據,71,正常觀測有數據,,未觀測而無資料,C0I390,11,正常觀測有數據,0.9,正常觀測有數據,111,正常觀測有數據
"2025-01-21 10:00:00",0,正常觀測有數據,888.4,正常觀測有數據,59,正常觀測有數據,,未觀測而無資料,C0I390,13.9,正常觀測有數據,0.7,正常觀測有數據,121,正常觀測有數據
"2025-01-21 11:00:00",0,正常觀測有數據,888,正常觀測有數據,46,正常觀測有數據,,未觀測而無資料,C0I390,16.9,正常觀測有數據,0.5,正常觀測有數據,140,正常觀測有數據
"2025-01-21 12:00:00",0,正常觀測有數據,887,正常觀測有數據,37,正常觀測有數據,,未觀測而無資料,C0I390,17.7,正常觀測有數據,1.2,正常觀測有數據,264,正常觀測有數據
"2025-01-21 13:00:00",0,正常觀測有數據,886.2,正常觀測有數據,36,正常觀測有數據,,未觀測而無資料,C0I390,17.5,正常觀測有數據,2.1,正常觀測有數據,264,正常觀測有數據
"2025-01-21 14:00:00",0,正常觀測有數據,885.6,正常觀測有數據,44,正常觀測有數據,,未觀測而無資料,C0I390,18,正常觀測有數據,2.1,正常觀測有數據,263,正常觀測有數據
"2025-01-21 15:00:00",0,正常觀測有數據,885.4,正常觀測有數據,49,正常觀測有數據,,未觀測而無資料,C0I390,17.6,正常觀測有數據,1.9,正常觀測有數據,269,正常觀測有數據
"2025-01-21 16:00:00",0,正常觀測有數據,885.9,正常觀測有數據,56,正常觀測有數據,,未觀測而無資料,C0I390,16.4,正常觀測有數據,1.2,正常觀測有數據,265,正常觀測有數據
"2025-01-21 17:00:00",0,正常觀測有數據,887,正常觀測有數據,65,正常觀測有數據,,未觀測而無資料,C0I390,14.3,正常觀測有數據,1.1,正常觀測有數據,262,正常觀測有數據
"2025-01-21 18:00:00",0,正常觀測有數據,887.6,正常觀測有數據,73,正常觀測有數據,,未觀測而無資料,C0I390,13.5,正常觀測有數據,1.1,正常觀測有數據,269,正常觀測有數據
"2025-01-21 19:00:00",0,正常觀測有數據,888.1,正常觀測有數據,69,正常觀測有數據,,未觀測而無資料,C0I390,14.3,正常觀測有數據,0,正常觀測有數據,0,正常觀測有數據
"2025-01-21 20:00:00",0,正常觀測有數據,888.6,正常觀測有數據,74,正常觀測有數據,,未觀測而無資料,C0I390,13.6,正常觀測有數據,0.2,正常觀測有數據,0,正常觀測有數據
"2025-01-21 21:00:00",0,正常觀測有數據,888.8,正常觀測有數據,75,正常觀測有數據,,未觀測而無資料,C0I390,13.1,正常觀測有數據,1.1,正常觀測有數據,98,正常觀測有數據
"2025-01-21 22:00:00",0,正常觀測有數據,889.1,正常觀測有數據,76,正常觀測有數據,,未觀測而無資料,C0I390,12.9,正常觀測有數據,0.3,正常觀測有數據,104,正常觀測有數據
"2025-01-21 23:00:00",0,正常觀測有數據,889.1,正常觀測有數據,76,正常觀測有數據,,未觀測而無資料,C0I390,12.6,正常觀測有數據,0.7,正常觀測有數據,81,正常觀測有數據
"2025-01-22 00:00:00",0,正常觀測有數據,888.8,正常觀測有數據,80,正常觀測有數據,,未觀測而無資料,C0I390,12,正常觀測有數據,1.3,正常觀測有數據,99,正常觀測有數據
"2025-01-22 01:00:00",0,正常觀測有數據,888.7,正常觀測有數據,82,正常觀測有數據,,未觀測而無資料,C0I390,11.9,正常觀測有數據,1,正常觀測有數據,98,正常觀測有數據
"2025-01-22 02:00:00",0,正常觀測有數據,888.5,正常觀測有數據,81,正常觀測有數據,,未觀測而無資料,C0I390,11.8,正常觀測有數據,0.9,正常觀測有數據,97,正常觀測有數據
"2025-01-22 03:00:00",0,正常觀測有數據,888.6,正常觀測有數據,83,正常觀測有數據,,未觀測而無資料,C0I390,11.5,正常觀測有數據,1.4,正常觀測有數據,100,正常觀測有數據
"2025-01-22 04:00:00",0,正常觀測有數據,888.6,正常觀測有數據,84,正常觀測有數據,,未觀測而無資料,C0I390,11.2,正常觀測有數據,1.6,正常觀測有數據,98,正常觀測有數據
"2025-01-22 05:00:00",0,正常觀測有數據,888.3,正常觀測有數據,73,正常觀測有數據,,未觀測而無資料,C0I390,11.9,正常觀測有數據,0.8,正常觀測有數據,52,正常觀測有數據
"2025-01-22 06:00:00",0,正常觀測有數據,888.6,正常觀測有數據,87,正常觀測有數據,,未觀測而無資料,C0I390,10.6,正常觀測有數據,2,正常觀測有數據,109,正常觀測有數據
"2025-01-22 07:00:00",0,正常觀測有數據,889,正常觀測有數據,83,正常觀測有數據,,未觀測而無資料,C0I390,10.8,正常觀測有數據,0.9,正常觀測有數據,90,正常觀測有數據
"2025-01-22 08:00:00",0,正常觀測有數據,889.5,正常觀測有數據,78,正常觀測有數據,,未觀測而無資料,C0I390,11.5,正常觀測有數據,0.5,正常觀測有數據,275,正常觀測有數據
"2025-01-22 09:00:00",0,正常觀測有數據,890,正常觀測有數據,79,正常觀測有數據,,未觀測而無資料,C0I390,11.9,正常觀測有數據,1.2,正常觀測有數據,271,正常觀測有數據
"2025-01-22 10:00:00",0,正常觀測有數據,890,正常觀測有數據,73,正常觀測有數據,,未觀測而無資料,C0I390,13.1,正常觀測有數據,1.3,正常觀測有數據,269,正常觀測有數據
"2025-01-22 11:00:00",0,正常觀測有數據,889.8,正常觀測有數據,65,正常觀測有數據,,未觀測而無資料,C0I390,13.9,正常觀測有數據,0.4,正常觀測有數據,255,正常觀測有數據
"2025-01-22 12:00:00",0,正常觀測有數據,889.2,正常觀測有數據,64,正常觀測有數據,,未觀測而無資料,C0I390,14.8,正常觀測有數據,1,正常觀測有數據,257,正常觀測有數據
"2025-01-22 13:00:00",0,正常觀測有數據,888.3,正常觀測有數據,57,正常觀測有數據,,未觀測而無資料,C0I390,16.8,正常觀測有數據,1.4,正常觀測有數據,279,正常觀測有數據
"2025-01-22 14:00:00",0,正常觀測有數據,887.8,正常觀測有數據,59,正常觀測有數據,,未觀測而無資料,C0I390,16.3,正常觀測有數據,1.9,正常觀測有數據,258,正常觀測有數據
"2025-01-22 15:00:00",0,正常觀測有數據,887.5,正常觀測有數據,66,正常觀測有數據,,未觀測而無資料,C0I390,15.5,正常觀測有數據,1.7,正常觀測有數據,268,正常觀測有數據
"2025-01-22 16:00:00",0,正常觀測有數據,887.6,正常觀測有數據,66,正常觀測有數據,,未觀測而無資料,C0I390,15.7,正常觀測有數據,0.9,正常觀測有數據,263,正常觀測有數據
"2025-01-22 17:00:00",0,正常觀測有數據,887.7,正常觀測有數據,67,正常觀測有數據,,未觀測而無資料,C0I390,15.3,正常觀測有數據,0.5,正常觀測有數據,260,正常觀測有數據
"2025-01-22 18:00:00",0,正常觀測有數據,888.3,正常觀測有數據,78,正常觀測有數據,,未觀測而無資料,C0I390,14.1,正常觀測有數據,1.7,正常觀測有數據,262,正常觀測有數據
"2025-01-22 19:00:00",0,正常觀測有數據,888.8,正常觀測有數據,88,正常觀測有數據,,未觀測而無資料,C0I390,13.1,正常觀測有數據,0.7,正常觀測有數據,1,正常觀測有數據
"2025-01-22 20:00:00",0,正常觀測有數據,889,正常觀測有數據,82,正常觀測有數據,,未觀測而無資料,C0I390,13.6,正常觀測有數據,0.9,正常觀測有數據,79,正常觀測有數據
"2025-01-22 21:00:00",0,正常觀測有數據,889,正常觀測有數據,87,正常觀測有數據,,未觀測而無資料,C0I390,13.1,正常觀測有數據,0.6,正常觀測有數據,82,正常觀測有數據
"2025-01-22 22:00:00",0,正常觀測有數據,888.6,正常觀測有數據,90,正常觀測有數據,,未觀測而無資料,C0I390,12.7,正常觀測有數據,1.2,正常觀測有數據,98,正常觀測有數據
"2025-01-22 23:00:00",1,正常觀測有數據,888.8,正常觀測有數據,98,正常觀測有數據,,未觀測而無資料,C0I390,12.1,正常觀測有數據,1.1,正常觀測有數據,104,正常觀測有數據
"2025-01-23 00:00:00",0,正常觀測有數據,888.9,正常觀測有數據,97,正常觀測有數據,,未觀測而無資料,C0I390,12,正常觀測有數據,0.3,正常觀測有數據,217,正常觀測有數據
"2025-01-23 01:00:00",0.5,正常觀測有數據,889.1,正常觀測有數據,98,正常觀測有數據,,未觀測而無資料,C0I390,11.9,正常觀測有數據,0,正常觀測有數據,0,正常觀測有數據
"2025-01-23 02:00:00",2,正常觀測有數據,888.9,正常觀測有數據,98,正常觀測有數據,,未觀測而無資料,C0I390,11.9,正常觀測有數據,0.4,正常觀測有數據,111,正常觀測有數據
"2025-01-23 03:00:00",2,正常觀測有數據,888.5,正常觀測有數據,99,正常觀測有數據,,未觀測而無資料,C0I390,11.6,正常觀測有數據,0,正常觀測有數據,0,正常觀測有數據
"2025-01-23 04:00:00",2.5,正常觀測有數據,888.5,正常觀測有數據,99,正常觀測有數據,,未觀測而無資料,C0I390,11.3,正常觀測有數據,1.1,正常觀測有數據,264,正常觀測有數據
"2025-01-23 05:00:00",0.5,正常觀測有數據,888.7,正常觀測有數據,99,正常觀測有數據,,未觀測而無資料,C0I390,11.5,正常觀測有數據,1,正常觀測有數據,98,正常觀測有數據
"2025-01-23 06:00:00",0,正常觀測有數據,889,正常觀測有數據,97,正常觀測有數據,,未觀測而無資料,C0I390,11.4,正常觀測有數據,1,正常觀測有數據,88,正常觀測有數據
"2025-01-23 07:00:00",0,正常觀測有數據,888.6,正常觀測有數據,97,正常觀測有數據,,未觀測而無資料,C0I390,11.4,正常觀測有數據,0.6,正常觀測有數據,89,正常觀測有數據
"2025-01-23 08:00:00",0,正常觀測有數據,889.3,正常觀測有數據,98,正常觀測有數據,,未觀測而無資料,C0I390,11.3,正常觀測有數據,1.1,正常觀測有數據,97,正常觀測有數據
"2025-01-23 09:00:00",0,正常觀測有數據,889.3,正常觀測有數據,87,正常觀測有數據,,未觀測而無資料,C0I390,12.7,正常觀測有數據,1,正常觀測有數據,97,正常觀測有數據
"2025-01-23 10:00:00",0,正常觀測有數據,889,正常觀測有數據,78,正常觀測有數據,,未觀測而無資料,C0I390,15.3,正常觀測有數據,0.9,正常觀測有數據,114,正常觀測有數據
"2025-01-23 11:00:00",0,正常觀測有數據,888.6,正常觀測有數據,62,正常觀測有數據,,未觀測而無資料,C0I390,16.8,正常觀測有數據,0.6,正常觀測有數據,256,正常觀測有數據
"2025-01-23 12:00:00",0,正常觀測有數據,887.8,正常觀測有數據,61,正常觀測有數據,,未觀測而無資料,C0I390,17.7,正常觀測有數據,1.1,正常觀測有數據,264,正常觀測有數據
"2025-01-23 13:00:00",0,正常觀測有數據,886.8,正常觀測有數據,57,正常觀測有數據,,未觀測而無資料,C0I390,19.2,正常觀測有數據,1.1,正常觀測有數據,256,正常觀測有數據
"2025-01-23 14:00:00",0,正常觀測有數據,886.3,正常觀測有數據,54,正常觀測有數據,,未觀測而無資料,C0I390,20.1,正常觀測有數據,0.7,正常觀測有數據,254,正常觀測有數據
"2025-01-23 15:00:00",0,正常觀測有數據,885.9,正常觀測有數據,54,正常觀測有數據,,未觀測而無資料,C0I390,19.9,正常觀測有數據,1,正常觀測有數據,266,正常觀測有數據
"2025-01-23 16:00:00",0,正常觀測有數據,885.8,正常觀測有數據,58,正常觀測有數據,,未觀測而無資料,C0I390,18.4,正常觀測有數據,1.6,正常觀測有數據,261,正常觀測有數據
"2025-01-23 17:00:00",0,正常觀測有數據,886,正常觀測有數據,64,正常觀測有數據,,未觀測而無資料,C0I390,17.6,正常觀測有數據,1,正常觀測有數據,278,正常觀測有數據
"2025-01-23 18:00:00",0,正常觀測有數據,886.3,正常觀測有數據,75,正常觀測有數據,,未觀測而無資料,C0I390,14.7,正常觀測有數據,0,正常觀測有數據,0,正常觀測有數據
"2025-01-23 19:00:00",0,正常觀測有數據,886.8,正常觀測有數據,78,正常觀測有數據,,未觀測而無資料,C0I390,13.8,正常觀測有數據,0.7,正常觀測有數據,90,正常觀測有數據
"2025-01-23 20:00:00",0,正常觀測有數據,887.2,正常觀測有數據,82,正常觀測有數據,,未觀測而無資料,C0I390,12.7,正常觀測有數據,0.8,正常觀測有數據,93,正常觀測有數據
"2025-01-23 21:00:00",0,正常觀測有數據,887.3,正常觀測有數據,85,正常觀測有數據,,未觀測而無資料,C0I390,11.5,正常觀測有數據,1.6,正常觀測有數據,95,正常觀測有數據
"2025-01-23 22:00:00",0,正常觀測有數據,887.3,正常觀測有數據,80,正常觀測有數據,,未觀測而無資料,C0I390,11.5,正常觀測有數據,1.4,正常觀測有數據,102,正常觀測有數據
"2025-01-23 23:00:00",0,正常觀測有數據,886.8,正常觀測有數據,83,正常觀測有數據,,未觀測而無資料,C0I390,10.5,正常觀測有數據,1.7,正常觀測有數據,102,正常觀測有數據
"2025-01-24 00:00:00",0,正常觀測有數據,886.8,正常觀測有數據,85,正常觀測有數據,,未觀測而無資料,C0I390,9.9,正常觀測有數據,1.8,正常觀測有數據,100,正常觀測有數據
"2025-01-24 01:00:00",0,正常觀測有數據,886.8,正常觀測有數據,84,正常觀測有數據,,未觀測而無資料,C0I390,9.6,正常觀測有數據,1.5,正常觀測有數據,95,正常觀測有數據
"2025-01-24 02:00:00",0,正常觀測有數據,886.6,正常觀測有數據,83,正常觀測有數據,,未觀測而無資料,C0I390,9.8,正常觀測有數據,2,正常觀測有數據,104,正常觀測有數據
"2025-01-24 03:00:00",0,正常觀測有數據,886.2,正常觀測有數據,83,正常觀測有數據,,未觀測而無資料,C0I390,10.3,正常觀測有數據,1.6,正常觀測有數據,107,正常觀測有數據
"2025-01-24 04:00:00",0,正常觀測有數據,886.3,正常觀測有數據,79,正常觀測有數據,,未觀測而無資料,C0I390,10.6,正常觀測有數據,1.4,正常觀測有數據,105,正常觀測有數據
"2025-01-24 05:00:00",0,正常觀測有數據,886.4,正常觀測有數據,82,正常觀測有數據,,未觀測而無資料,C0I390,10.5,正常觀測有數據,1.8,正常觀測有數據,96,正常觀測有數據
"2025-01-24 06:00:00",0,正常觀測有數據,886.6,正常觀測有數據,83,正常觀測有數據,,未觀測而無資料,C0I390,10.6,正常觀測有數據,1.7,正常觀測有數據,93,正常觀測有數據
"2025-01-24 07:00:00",0,正常觀測有數據,887,正常觀測有數據,89,正常觀測有數據,,未觀測而無資料,C0I390,10.6,正常觀測有數據,0.9,正常觀測有數據,101,正常觀測有數據
"2025-01-24 08:00:00",0,正常觀測有數據,887.2,正常觀測有數據,88,正常觀測有數據,,未觀測而無資料,C0I390,11,正常觀測有數據,1.4,正常觀測有數據,88,正常觀測有數據
"2025-01-24 09:00:00",0,正常觀測有數據,887.4,正常觀測有數據,82,正常觀測有數據,,未觀測而無資料,C0I390,12.5,正常觀測有數據,1.8,正常觀測有數據,106,正常觀測有數據
"2025-01-24 10:00:00",0,正常觀測有數據,887.1,正常觀測有數據,64,正常觀測有數據,,未觀測而無資料,C0I390,16,正常觀測有數據,1.3,正常觀測有數據,106,正常觀測有數據
"2025-01-24 11:00:00",0,正常觀測有數據,886.2,正常觀測有數據,46,正常觀測有數據,,未觀測而無資料,C0I390,18.8,正常觀測有數據,1,正常觀測有數據,128,正常觀測有數據
"2025-01-24 12:00:00",0,正常觀測有數據,885.3,正常觀測有數據,38,正常觀測有數據,,未觀測而無資料,C0I390,20.8,正常觀測有數據,1.1,正常觀測有數據,245,正常觀測有數據
"2025-01-24 13:00:00",0,正常觀測有數據,884.7,正常觀測有數據,40,正常觀測有數據,,未觀測而無資料,C0I390,20.4,正常觀測有數據,1.8,正常觀測有數據,268,正常觀測有數據
"2025-01-24 14:00:00",0,正常觀測有數據,884.5,正常觀測有數據,49,正常觀測有數據,,未觀測而無資料,C0I390,20.3,正常觀測有數據,2,正常觀測有數據,272,正常觀測有數據
"2025-01-24 15:00:00",0,正常觀測有數據,884.3,正常觀測有數據,48,正常觀測有數據,,未觀測而無資料,C0I390,20,正常觀測有數據,1.4,正常觀測有數據,265,正常觀測有數據
"2025-01-24 16:00:00",0,正常觀測有數據,884.3,正常觀測有數據,51,正常觀測有數據,,未觀測而無資料,C0I390,18.9,正常觀測有數據,2.4,正常觀測有數據,271,正常觀測有數據
"2025-01-24 17:00:00",0,正常觀測有數據,884.9,正常觀測有數據,59,正常觀測有數據,,未觀測而無資料,C0I390,17.7,正常觀測有數據,2.2,正常觀測有數據,257,正常觀測有數據
"2025-01-24 18:00:00",0,正常觀測有數據,885.7,正常觀測有數據,75,正常觀測有數據,,未觀測而無資料,C0I390,15.6,正常觀測有數據,0.9,正常觀測有數據,277,正常觀測有數據
"2025-01-24 19:00:00",0,正常觀測有數據,886.6,正常觀測有數據,78,正常觀測有數據,,未觀測而無資料,C0I390,14.8,正常觀測有數據,0,正常觀測有數據,0,正常觀測有數據
"2025-01-24 20:00:00",0,正常觀測有數據,887,正常觀測有數據,80,正常觀測有數據,,未觀測而無資料,C0I390,13.8,正常觀測有數據,0.6,正常觀測有數據,74,正常觀測有數據
"2025-01-24 21:00:00",0,正常觀測有數據,887,正常觀測有數據,85,正常觀測有數據,,未觀測而無資料,C0I390,12.6,正常觀測有數據,1.1,正常觀測有數據,102,正常觀測有數據
"2025-01-24 22:00:00",0,正常觀測有數據,887,正常觀測有數據,87,正常觀測有數據,,未觀測而無資料,C0I390,11.7,正常觀測有數據,1.7,正常觀測有數據,99,正常觀測有數據
"2025-01-24 23:00:00",0,正常觀測有數據,886.7,正常觀測有數據,85,正常觀測有數據,,未觀測而無資料,C0I390,11.4,正常觀測有數據,2,正常觀測有數據,102,正常觀測有數據
"2025-01-25 00:00:00",0,正常觀測有數據,886.5,正常觀測有數據,85,正常觀測有數據,,未觀測而無資料,C0I390,11,正常觀測有數據,1.8,正常觀測有數據,101,正常觀測有數據
"2025-01-25 01:00:00",0,正常觀測有數據,886.4,正常觀測有數據,86,正常觀測有數據,,未觀測而無資料,C0I390,10.6,正常觀測有數據,2.1,正常觀測有數據,107,正常觀測有數據
"2025-01-25 02:00:00",0,正常觀測有數據,886.5,正常觀測有數據,83,正常觀測有數據,,未觀測而無資料,C0I390,10.5,正常觀測有數據,1.1,正常觀測有數據,97,正常觀測有數據
"2025-01-25 03:00:00",0,正常觀測有數據,886.3,正常觀測有數據,86,正常觀測有數據,,未觀測而無資料,C0I390,9.9,正常觀測有數據,1.6,正常觀測有數據,99,正常觀測有數據
"2025-01-25 04:00:00",0,正常觀測有數據,886.3,正常觀測有數據,85,正常觀測有數據,,未觀測而無資料,C0I390,9.7,正常觀測有數據,1.7,正常觀測有數據,99,正常觀測有數據
"2025-01-25 05:00:00",0,正常觀測有數據,886.5,正常觀測有數據,88,正常觀測有數據,,未觀測而無資料,C0I390,9.2,正常觀測有數據,2,正常觀測有數據,103,正常觀測有數據
"2025-01-25 06:00:00",0,正常觀測有數據,886.9,正常觀測有數據,86,正常觀測有數據,,未觀測而無資料,C0I390,9.1,正常觀測有數據,1.9,正常觀測有數據,105,正常觀測有數據
"2025-01-25 07:00:00",0,正常觀測有數據,887.4,正常觀測有數據,89,正常觀測有數據,,未觀測而無資料,C0I390,8.7,正常觀測有數據,1.8,正常觀測有數據,98,正常觀測有數據
"2025-01-25 08:00:00",0,正常觀測有數據,887.8,正常觀測有數據,82,正常觀測有數據,,未觀測而無資料,C0I390,10.3,正常觀測有數據,1.8,正常觀測有數據,99,正常觀測有數據
"2025-01-25 09:00:00",0,正常觀測有數據,887.9,正常觀測有數據,70,正常觀測有數據,,未觀測而無資料,C0I390,13,正常觀測有數據,2,正常觀測有數據,106,正常觀測有數據
"2025-01-25 10:00:00",0,正常觀測有數據,887.8,正常觀測有數據,62,正常觀測有數據,,未觀測而無資料,C0I390,15.6,正常觀測有數據,1,正常觀測有數據,115,正常觀測有數據
"2025-01-25 11:00:00",0,正常觀測有數據,887.3,正常觀測有數據,53,正常觀測有數據,,未觀測而無資料,C0I390,17.6,正常觀測有數據,0.6,正常觀測有數據,254,正常觀測有數據
"2025-01-25 12:00:00",0,正常觀測有數據,886.2,正常觀測有數據,60,正常觀測有數據,,未觀測而無資料,C0I390,18.1,正常觀測有數據,1.3,正常觀測有數據,258,正常觀測有數據
"2025-01-25 13:00:00",0,正常觀測有數據,885.4,正常觀測有數據,58,正常觀測有數據,,未觀測而無資料,C0I390,18.7,正常觀測有數據,2.3,正常觀測有數據,268,正常觀測有數據
"2025-01-25 14:00:00",0,正常觀測有數據,885,正常觀測有數據,58,正常觀測有數據,,未觀測而無資料,C0I390,18.7,正常觀測有數據,1.5,正常觀測有數據,268,正常觀測有數據
"2025-01-25 15:00:00",0,正常觀測有數據,884.8,正常觀測有數據,64,正常觀測有數據,,未觀測而無資料,C0I390,18.5,正常觀測有數據,1.6,正常觀測有數據,264,正常觀測有數據
"2025-01-25 16:00:00",0,正常觀測有數據,885.1,正常觀測有數據,70,正常觀測有數據,,未觀測而無資料,C0I390,16.8,正常觀測有數據,1.2,正常觀測有數據,266,正常觀測有數據
"2025-01-25 17:00:00",0,正常觀測有數據,885.7,正常觀測有數據,71,正常觀測有數據,,未觀測而無資料,C0I390,16.6,正常觀測有數據,0.9,正常觀測有數據,265,正常觀測有數據
"2025-01-25 18:00:00",0,正常觀測有數據,886.2,正常觀測有數據,82,正常觀測有數據,,未觀測而無資料,C0I390,15,正常觀測有數據,1.6,正常觀測有數據,271,正常觀測有數據
"2025-01-25 19:00:00",0,正常觀測有數據,886.6,正常觀測有數據,87,正常觀測有數據,,未觀測而無資料,C0I390,14.2,正常觀測有數據,0.9,正常觀測有數據,268,正常觀測有數據
"2025-01-25 20:00:00",0,正常觀測有數據,887,正常觀測有數據,85,正常觀測有數據,,未觀測而無資料,C0I390,14.2,正常觀測有數據,0.5,正常觀測有數據,80,正常觀測有數據
"2025-01-25 21:00:00",0,正常觀測有數據,887.2,正常觀測有數據,87,正常觀測有數據,,未觀測而無資料,C0I390,13.7,正常觀測有數據,0.6,正常觀測有數據,98,正常觀測有數據
"2025-01-25 22:00:00",0,正常觀測有數據,887.5,正常觀測有數據,89,正常觀測有數據,,未觀測而無資料,C0I390,13.3,正常觀測有數據,0.9,正常觀測有數據,97,正常觀測有數據
"2025-01-25 23:00:00",0,正常觀測有數據,887.5,正常觀測有數據,91,正常觀測有數據,,未觀測而無資料,C0I390,12.7,正常觀測有數據,1,正常觀測有數據,96,正常觀測有數據
"2025-01-26 00:00:00",0,正常觀測有數據,887.4,正常觀測有數據,91,正常觀測有數據,,未觀測而無資料,C0I390,12.4,正常觀測有數據,1,正常觀測有數據,97,正常觀測有數據
"2025-01-26 01:00:00",0,正常觀測有數據,887.4,正常觀測有數據,92,正常觀測有數據,,未觀測而無資料,C0I390,12.1,正常觀測有數據,1.3,正常觀測有數據,99,正常觀測有數據
"2025-01-26 02:00:00",0,正常觀測有數據,887.3,正常觀測有數據,93,正常觀測有數據,,未觀測而無資料,C0I390,11.4,正常觀測有數據,0.8,正常觀測有數據,99,正常觀測有數據
"2025-01-26 03:00:00",0,正常觀測有數據,887,正常觀測有數據,94,正常觀測有數據,,未觀測而無資料,C0I390,10.5,正常觀測有數據,1.5,正常觀測有數據,98,正常觀測有數據
"2025-01-26 04:00:00",0,正常觀測有數據,886.9,正常觀測有數據,92,正常觀測有數據,,未觀測而無資料,C0I390,10.1,正常觀測有數據,1.4,正常觀測有數據,101,正常觀測有數據
"2025-01-26 05:00:00",0,正常觀測有數據,887.1,正常觀測有數據,91,正常觀測有數據,,未觀測而無資料,C0I390,9.5,正常觀測有數據,1.3,正常觀測有數據,107,正常觀測有數據
"2025-01-26 06:00:00",0,正常觀測有數據,887.4,正常觀測有數據,90,正常觀測有數據,,未觀測而無資料,C0I390,9.1,正常觀測有數據,2.1,正常觀測有數據,99,正常觀測有數據
"2025-01-26 07:00:00",0,正常觀測有數據,887.9,正常觀測有數據,87,正常觀測有數據,,未觀測而無資料,C0I390,9,正常觀測有數據,1.6,正常觀測有數據,97,正常觀測有數據
"2025-01-26 08:00:00",0,正常觀測有數據,888.6,正常觀測有數據,80,正常觀測有數據,,未觀測而無資料,C0I390,10.3,正常觀測有數據,1.8,正常觀測有數據,105,正常觀測有數據
"2025-01-26 09:00:00",0,正常觀測有數據,889.1,正常觀測有數據,74,正常觀測有數據,,未觀測而無資料,C0I390,11.7,正常觀測有數據,1.4,正常觀測有數據,100,正常觀測有數據
"2025-01-26 10:00:00",0,正常觀測有數據,888.7,正常觀測有數據,58,正常觀測有數據,,未觀測而無資料,C0I390,15.8,正常觀測有數據,1.1,正常觀測有數據,102,正常觀測有數據
"2025-01-26 11:00:00",0,正常觀測有數據,887.6,正常觀測有數據,54,正常觀測有數據,,未觀測而無資料,C0I390,17.3,正常觀測有數據,0.6,正常觀測有數據,247,正常觀測有數據
"2025-01-26 12:00:00",0,正常觀測有數據,886.9,正常觀測有數據,72,正常觀測有數據,,未觀測而無資料,C0I390,14.8,正常觀測有數據,3.4,正常觀測有數據,269,正常觀測有數據
"2025-01-26 13:00:00",0,正常觀測有數據,886.2,正常觀測有數據,67,正常觀測有數據,,未觀測而無資料,C0I390,17,正常觀測有數據,1.5,正常觀測有數據,274,正常觀測有數據
"2025-01-26 14:00:00",0,正常觀測有數據,885.8,正常觀測有數據,64,正常觀測有數據,,未觀測而無資料,C0I390,17.4,正常觀測有數據,1.5,正常觀測有數據,268,正常觀測有數據
"2025-01-26 15:00:00",0,正常觀測有數據,885.2,正常觀測有數據,64,正常觀測有數據,,未觀測而無資料,C0I390,16.2,正常觀測有數據,1.3,正常觀測有數據,267,正常觀測有數據
"2025-01-26 16:00:00",0,正常觀測有數據,885.3,正常觀測有數據,74,正常觀測有數據,,未觀測而無資料,C0I390,14.6,正常觀測有數據,2.6,正常觀測有數據,274,正常觀測有數據
"2025-01-26 17:00:00",0,正常觀測有數據,885.9,正常觀測有數據,83,正常觀測有數據,,未觀測而無資料,C0I390,13.6,正常觀測有數據,1.1,正常觀測有數據,255,正常觀測有數據
"2025-01-26 18:00:00",0,正常觀測有數據,886.4,正常觀測有數據,88,正常觀測有數據,,未觀測而無資料,C0I390,12.5,正常觀測有數據,1.3,正常觀測有數據,268,正常觀測有數據
"2025-01-26 19:00:00",0,正常觀測有數據,887,正常觀測有數據,91,正常觀測有數據,,未觀測而無資料,C0I390,12.1,正常觀測有數據,0.5,正常觀測有數據,274,正常觀測有數據
"2025-01-26 20:00:00",0,正常觀測有數據,887.5,正常觀測有數據,96,正常觀測有數據,,未觀測而無資料,C0I390,11.3,正常觀測有數據,0.3,正常觀測有數據,210,正常觀測有數據
"2025-01-26 21:00:00",0,正常觀測有數據,887.4,正常觀測有數據,99,正常觀測有數據,,未觀測而無資料,C0I390,10.8,正常觀測有數據,1.5,正常觀測有數據,276,正常觀測有數據
"2025-01-26 22:00:00",0,正常觀測有數據,887,正常觀測有數據,99,正常觀測有數據,,未觀測而無資料,C0I390,10.6,正常觀測有數據,1,正常觀測有數據,257,正常觀測有數據
"2025-01-26 23:00:00",0,正常觀測有數據,886.9,正常觀測有數據,99,正常觀測有數據,,未觀測而無資料,C0I390,10.5,正常觀測有數據,1,正常觀測有數據,274,正常觀測有數據
"2025-01-27 00:00:00",0,正常觀測有數據,886.4,正常觀測有數據,99,正常觀測有數據,,未觀測而無資料,C0I390,9.8,正常觀測有數據,1.1,正常觀測有數據,249,正常觀測有數據
"2025-01-27 01:00:00",0,正常觀測有數據,886.5,正常觀測有數據,99,正常觀測有數據,,未觀測而無資料,C0I390,9.2,正常觀測有數據,1.7,正常觀測有數據,271,正常觀測有數據
"2025-01-27 02:00:00",0,正常觀測有數據,886.8,正常觀測有數據,99,正常觀測有數據,,未觀測而無資料,C0I390,8.7,正常觀測有數據,2.5,正常觀測有數據,261,正常觀測有數據
"2025-01-27 03:00:00",0,正常觀測有數據,886.2,正常觀測有數據,99,正常觀測有數據,,未觀測而無資料,C0I390,8.4,正常觀測有數據,0.6,正常觀測有數據,263,正常觀測有數據
"2025-01-27 04:00:00",0,正常觀測有數據,885.9,正常觀測有數據,99,正常觀測有數據,,未觀測而無資料,C0I390,7.7,正常觀測有數據,2,正常觀測有數據,260,正常觀測有數據
"2025-01-27 05:00:00",1.5,正常觀測有數據,886.1,正常觀測有數據,99,正常觀測有數據,,未觀測而無資料,C0I390,7.2,正常觀測有數據,2.3,正常觀測有數據,268,正常觀測有數據
"2025-01-27 06:00:00",3,正常觀測有數據,886.8,正常觀測有數據,99,正常觀測有數據,,未觀測而無資料,C0I390,6.9,正常觀測有數據,1.8,正常觀測有數據,263,正常觀測有數據
"2025-01-27 07:00:00",0.5,正常觀測有數據,887,正常觀測有數據,99,正常觀測有數據,,未觀測而無資料,C0I390,6.8,正常觀測有數據,1.3,正常觀測有數據,268,正常觀測有數據
"2025-01-27 08:00:00",0.5,正常觀測有數據,887.5,正常觀測有數據,99,正常觀測有數據,,未觀測而無資料,C0I390,6.9,正常觀測有數據,1.1,正常觀測有數據,269,正常觀測有數據
"2025-01-27 09:00:00",0.5,正常觀測有數據,887.8,正常觀測有數據,99,正常觀測有數據,,未觀測而無資料,C0I390,6.7,正常觀測有數據,1,正常觀測有數據,270,正常觀測有數據
"2025-01-27 10:00:00",1,正常觀測有數據,888.3,正常觀測有數據,99,正常觀測有數據,,未觀測而無資料,C0I390,6.7,正常觀測有數據,1.4,正常觀測有數據,273,正常觀測有數據
"2025-01-27 11:00:00",1,正常觀測有數據,888.1,正常觀測有數據,99,正常觀測有數據,,未觀測而無資料,C0I390,6.7,正常觀測有數據,1,正常觀測有數據,257,正常觀測有數據
"2025-01-27 12:00:00",1,正常觀測有數據,887.3,正常觀測有數據,99,正常觀測有數據,,未觀測而無資料,C0I390,6.5,正常觀測有數據,1,正常觀測有數據,263,正常觀測有數據
"2025-01-27 13:00:00",1.5,正常觀測有數據,886.7,正常觀測有數據,99,正常觀測有數據,,未觀測而無資料,C0I390,6.7,正常觀測有數據,0.9,正常觀測有數據,274,正常觀測有數據
"2025-01-27 14:00:00",1.5,正常觀測有數據,886.3,正常觀測有數據,99,正常觀測有數據,,未觀測而無資料,C0I390,7,正常觀測有數據,1.1,正常觀測有數據,263,正常觀測有數據
"2025-01-27 15:00:00",0,正常觀測有數據,886.2,正常觀測有數據,99,正常觀測有數據,,未觀測而無資料,C0I390,7.8,正常觀測有數據,0.3,正常觀測有數據,257,正常觀測有數據
"2025-01-27 16:00:00",0,正常觀測有數據,886.4,正常觀測有數據,100,正常觀測有數據,,未觀測而無資料,C0I390,8.6,正常觀測有數據,0.4,正常觀測有數據,111,正常觀測有數據
"2025-01-27 17:00:00",0,正常觀測有數據,887,正常觀測有數據,99,正常觀測有數據,,未觀測而無資料,C0I390,8,正常觀測有數據,0.8,正常觀測有數據,246,正常觀測有數據
"2025-01-27 18:00:00",0,正常觀測有數據,887.7,正常觀測有數據,99,正常觀測有數據,,未觀測而無資料,C0I390,7.4,正常觀測有數據,1.5,正常觀測有數據,271,正常觀測有數據
"2025-01-27 19:00:00",0,正常觀測有數據,888.4,正常觀測有數據,99,正常觀測有數據,,未觀測而無資料,C0I390,7.3,正常觀測有數據,0.9,正常觀測有數據,259,正常觀測有數據
"2025-01-27 20:00:00",0,正常觀測有數據,888.4,正常觀測有數據,99,正常觀測有數據,,未觀測而無資料,C0I390,7.5,正常觀測有數據,0.7,正常觀測有數據,36,正常觀測有數據
"2025-01-27 21:00:00",0,正常觀測有數據,888.8,正常觀測有數據,100,正常觀測有數據,,未觀測而無資料,C0I390,7.4,正常觀測有數據,0.4,正常觀測有數據,86,正常觀測有數據
"2025-01-27 22:00:00",0,正常觀測有數據,889.2,正常觀測有數據,99,正常觀測有數據,,未觀測而無資料,C0I390,6.2,正常觀測有數據,1.6,正常觀測有數據,105,正常觀測有數據
"2025-01-27 23:00:00",0,正常觀測有數據,889.4,正常觀測有數據,97,正常觀測有數據,,未觀測而無資料,C0I390,5.3,正常觀測有數據,1.3,正常觀測有數據,103,正常觀測有數據
"2025-01-28 00:00:00",0,正常觀測有數據,889.7,正常觀測有數據,91,正常觀測有數據,,未觀測而無資料,C0I390,5.1,正常觀測有數據,1.8,正常觀測有數據,115,正常觀測有數據
"2025-01-28 01:00:00",0,正常觀測有數據,889.7,正常觀測有數據,91,正常觀測有數據,,未觀測而無資料,C0I390,4.6,正常觀測有數據,1.9,正常觀測有數據,106,正常觀測有數據
"2025-01-28 02:00:00",0,正常觀測有數據,890,正常觀測有數據,89,正常觀測有數據,,未觀測而無資料,C0I390,4.2,正常觀測有數據,0.6,正常觀測有數據,86,正常觀測有數據
"2025-01-28 03:00:00",0,正常觀測有數據,889.8,正常觀測有數據,92,正常觀測有數據,,未觀測而無資料,C0I390,3.5,正常觀測有數據,1.3,正常觀測有數據,92,正常觀測有數據
"2025-01-28 04:00:00",0,正常觀測有數據,889.5,正常觀測有數據,93,正常觀測有數據,,未觀測而無資料,C0I390,3.1,正常觀測有數據,1.7,正常觀測有數據,101,正常觀測有數據
"2025-01-28 05:00:00",0,正常觀測有數據,890,正常觀測有數據,89,正常觀測有數據,,未觀測而無資料,C0I390,3,正常觀測有數據,1.8,正常觀測有數據,95,正常觀測有數據
"2025-01-28 06:00:00",0,正常觀測有數據,890.3,正常觀測有數據,89,正常觀測有數據,,未觀測而無資料,C0I390,2.8,正常觀測有數據,2,正常觀測有數據,99,正常觀測有數據
"2025-01-28 07:00:00",0,正常觀測有數據,891,正常觀測有數據,90,正常觀測有數據,,未觀測而無資料,C0I390,2.7,正常觀測有數據,1.1,正常觀測有數據,94,正常觀測有數據
"2025-01-28 08:00:00",0,正常觀測有數據,891.5,正常觀測有數據,81,正常觀測有數據,,未觀測而無資料,C0I390,5.2,正常觀測有數據,1.1,正常觀測有數據,100,正常觀測有數據
"2025-01-28 09:00:00",0,正常觀測有數據,891.7,正常觀測有數據,73,正常觀測有數據,,未觀測而無資料,C0I390,7.3,正常觀測有數據,1.2,正常觀測有數據,102,正常觀測有數據
"2025-01-28 10:00:00",0,正常觀測有數據,891.8,正常觀測有數據,59,正常觀測有數據,,未觀測而無資料,C0I390,10.7,正常觀測有數據,1.1,正常觀測有數據,117,正常觀測有數據
"2025-01-28 11:00:00",0,正常觀測有數據,891.5,正常觀測有數據,48,正常觀測有數據,,未觀測而無資料,C0I390,13.9,正常觀測有數據,0.3,正常觀測有數據,181,正常觀測有數據
"2025-01-28 12:00:00",0,正常觀測有數據,890.9,正常觀測有數據,43,正常觀測有數據,,未觀測而無資料,C0I390,13.3,正常觀測有數據,1.1,正常觀測有數據,257,正常觀測有數據
"2025-01-28 13:00:00",0,正常觀測有數據,890.2,正常觀測有數據,42,正常觀測有數據,,未觀測而無資料,C0I390,13.1,正常觀測有數據,2.2,正常觀測有數據,267,正常觀測有數據
"2025-01-28 14:00:00",0,正常觀測有數據,889.5,正常觀測有數據,36,正常觀測有數據,,未觀測而無資料,C0I390,14.1,正常觀測有數據,2,正常觀測有數據,273,正常觀測有數據
"2025-01-28 15:00:00",0,正常觀測有數據,889.5,正常觀測有數據,38,正常觀測有數據,,未觀測而無資料,C0I390,15.4,正常觀測有數據,1.6,正常觀測有數據,273,正常觀測有數據
"2025-01-28 16:00:00",0,正常觀測有數據,889.3,正常觀測有數據,46,正常觀測有數據,,未觀測而無資料,C0I390,14.5,正常觀測有數據,1.3,正常觀測有數據,263,正常觀測有數據
"2025-01-28 17:00:00",0,正常觀測有數據,890.3,正常觀測有數據,57,正常觀測有數據,,未觀測而無資料,C0I390,12,正常觀測有數據,2.3,正常觀測有數據,266,正常觀測有數據
"2025-01-28 18:00:00",0,正常觀測有數據,891.1,正常觀測有數據,67,正常觀測有數據,,未觀測而無資料,C0I390,10.2,正常觀測有數據,1.5,正常觀測有數據,268,正常觀測有數據
"2025-01-28 19:00:00",0,正常觀測有數據,891.9,正常觀測有數據,71,正常觀測有數據,,未觀測而無資料,C0I390,9.3,正常觀測有數據,2.2,正常觀測有數據,265,正常觀測有數據
"2025-01-28 20:00:00",0,正常觀測有數據,892.4,正常觀測有數據,77,正常觀測有數據,,未觀測而無資料,C0I390,8.7,正常觀測有數據,1,正常觀測有數據,259,正常觀測有數據
"2025-01-28 21:00:00",0,正常觀測有數據,892.3,正常觀測有數據,77,正常觀測有數據,,未觀測而無資料,C0I390,9,正常觀測有數據,0,正常觀測有數據,0,正常觀測有數據
"2025-01-28 22:00:00",0,正常觀測有數據,893,正常觀測有數據,80,正常觀測有數據,,未觀測而無資料,C0I390,8.5,正常觀測有數據,0.8,正常觀測有數據,258,正常觀測有數據
"2025-01-28 23:00:00",0,正常觀測有數據,893.4,正常觀測有數據,87,正常觀測有數據,,未觀測而無資料,C0I390,8.2,正常觀測有數據,0.8,正常觀測有數據,280,正常觀測有數據
"2025-01-29 00:00:00",0,正常觀測有數據,893.3,正常觀測有數據,82,正常觀測有數據,,未觀測而無資料,C0I390,8.9,正常觀測有數據,0.4,正常觀測有數據,99,正常觀測有數據
"2025-01-29 01:00:00",0,正常觀測有數據,893,正常觀測有數據,84,正常觀測有數據,,未觀測而無資料,C0I390,8.7,正常觀測有數據,0.7,正常觀測有數據,100,正常觀測有數據
"2025-01-29 02:00:00",0,正常觀測有數據,892.8,正常觀測有數據,85,正常觀測有數據,,未觀測而無資料,C0I390,8.7,正常觀測有數據,0.7,正常觀測有數據,106,正常觀測有數據
"2025-01-29 03:00:00",0,正常觀測有數據,892.3,正常觀測有數據,81,正常觀測有數據,,未觀測而無資料,C0I390,8.7,正常觀測有數據,0.4,正常觀測有數據,55,正常觀測有數據
"2025-01-29 04:00:00",0,正常觀測有數據,892,正常觀測有數據,89,正常觀測有數據,,未觀測而無資料,C0I390,8.3,正常觀測有數據,1.5,正常觀測有數據,102,正常觀測有數據
"2025-01-29 05:00:00",0,正常觀測有數據,892.4,正常觀測有數據,90,正常觀測有數據,,未觀測而無資料,C0I390,8.5,正常觀測有數據,0.4,正常觀測有數據,110,正常觀測有數據
"2025-01-29 06:00:00",0,正常觀測有數據,892.8,正常觀測有數據,92,正常觀測有數據,,未觀測而無資料,C0I390,8.3,正常觀測有數據,0.7,正常觀測有數據,102,正常觀測有數據
"2025-01-29 07:00:00",0,正常觀測有數據,893,正常觀測有數據,92,正常觀測有數據,,未觀測而無資料,C0I390,8.1,正常觀測有數據,0.7,正常觀測有數據,100,正常觀測有數據
"2025-01-29 08:00:00",0,正常觀測有數據,893.4,正常觀測有數據,90,正常觀測有數據,,未觀測而無資料,C0I390,8.3,正常觀測有數據,0.6,正常觀測有數據,92,正常觀測有數據
"2025-01-29 09:00:00",0,正常觀測有數據,893.7,正常觀測有數據,86,正常觀測有數據,,未觀測而無資料,C0I390,9.2,正常觀測有數據,0.5,正常觀測有數據,108,正常觀測有數據
"2025-01-29 10:00:00",0,正常觀測有數據,893.9,正常觀測有數據,71,正常觀測有數據,,未觀測而無資料,C0I390,10.9,正常觀測有數據,0,正常觀測有數據,0,正常觀測有數據
"2025-01-29 11:00:00",0,正常觀測有數據,893.5,正常觀測有數據,59,正常觀測有數據,,未觀測而無資料,C0I390,12.5,正常觀測有數據,0.7,正常觀測有數據,113,正常觀測有數據
"2025-01-29 12:00:00",0,正常觀測有數據,892.5,正常觀測有數據,50,正常觀測有數據,,未觀測而無資料,C0I390,14.3,正常觀測有數據,1.1,正常觀測有數據,235,正常觀測有數據
"2025-01-29 13:00:00",0,正常觀測有數據,891.5,正常觀測有數據,45,正常觀測有數據,,未觀測而無資料,C0I390,15.2,正常觀測有數據,1,正常觀測有數據,269,正常觀測有數據
"2025-01-29 14:00:00",0,正常觀測有數據,890.7,正常觀測有數據,41,正常觀測有數據,,未觀測而無資料,C0I390,15.7,正常觀測有數據,1.3,正常觀測有數據,265,正常觀測有數據
"2025-01-29 15:00:00",0,正常觀測有數據,890.4,正常觀測有數據,41,正常觀測有數據,,未觀測而無資料,C0I390,14.8,正常觀測有數據,2.5,正常觀測有數據,270,正常觀測有數據
"2025-01-29 16:00:00",0,正常觀測有數據,890.4,正常觀測有數據,62,正常觀測有數據,,未觀測而無資料,C0I390,13.6,正常觀測有數據,3.1,正常觀測有數據,273,正常觀測有數據
"2025-01-29 17:00:00",0,正常觀測有數據,890.7,正常觀測有數據,69,正常觀測有數據,,未觀測而無資料,C0I390,12,正常觀測有數據,2.7,正常觀測有數據,270,正常觀測有數據
"2025-01-29 18:00:00",0,正常觀測有數據,890.9,正常觀測有數據,74,正常觀測有數據,,未觀測而無資料,C0I390,10.5,正常觀測有數據,2,正常觀測有數據,272,正常觀測有數據
"2025-01-29 19:00:00",0,正常觀測有數據,891.1,正常觀測有數據,77,正常觀測有數據,,未觀測而無資料,C0I390,10.1,正常觀測有數據,0,正常觀測有數據,0,正常觀測有數據
"2025-01-29 20:00:00",0,正常觀測有數據,891.2,正常觀測有數據,87,正常觀測有數據,,未觀測而無資料,C0I390,8.7,正常觀測有數據,1.5,正常觀測有數據,104,正常觀測有數據
"2025-01-29 21:00:00",0,正常觀測有數據,891.4,正常觀測有數據,88,正常觀測有數據,,未觀測而無資料,C0I390,7.9,正常觀測有數據,0.9,正常觀測有數據,96,正常觀測有數據
"2025-01-29 22:00:00",0,正常觀測有數據,891.5,正常觀測有數據,84,正常觀測有數據,,未觀測而無資料,C0I390,7.6,正常觀測有數據,0.8,正常觀測有數據,99,正常觀測有數據
"2025-01-29 23:00:00",0,正常觀測有數據,891.6,正常觀測有數據,82,正常觀測有數據,,未觀測而無資料,C0I390,7.1,正常觀測有數據,0.9,正常觀測有數據,94,正常觀測有數據
"2025-01-30 00:00:00",0,正常觀測有數據,891.6,正常觀測有數據,85,正常觀測有數據,,未觀測而無資料,C0I390,6.2,正常觀測有數據,1.9,正常觀測有數據,105,正常觀測有數據
"2025-01-30 01:00:00",0,正常觀測有數據,891.8,正常觀測有數據,83,正常觀測有數據,,未觀測而無資料,C0I390,5.9,正常觀測有數據,1.7,正常觀測有數據,98,正常觀測有數據
"2025-01-30 02:00:00",0,正常觀測有數據,891.6,正常觀測有數據,84,正常觀測有數據,,未觀測而無資料,C0I390,5.6,正常觀測有數據,1.5,正常觀測有數據,95,正常觀測有數據
"2025-01-30 03:00:00",0,正常觀測有數據,891.4,正常觀測有數據,82,正常觀測有數據,,未觀測而無資料,C0I390,5.7,正常觀測有數據,1.5,正常觀測有數據,95,正常觀測有數據
"2025-01-30 04:00:00",0,正常觀測有數據,891.5,正常觀測有數據,87,正常觀測有數據,,未觀測而無資料,C0I390,5.2,正常觀測有數據,1.9,正常觀測有數據,100,正常觀測有數據
"2025-01-30 05:00:00",0,正常觀測有數據,891.5,正常觀測有數據,88,正常觀測有數據,,未觀測而無資料,C0I390,5.1,正常觀測有數據,1.9,正常觀測有數據,99,正常觀測有數據
"2025-01-30 06:00:00",0,正常觀測有數據,891.8,正常觀測有數據,85,正常觀測有數據,,未觀測而無資料,C0I390,5.7,正常觀測有數據,2.1,正常觀測有數據,100,正常觀測有數據
"2025-01-30 07:00:00",0,正常觀測有數據,892.2,正常觀測有數據,84,正常觀測有數據,,未觀測而無資料,C0I390,6.2,正常觀測有數據,2,正常觀測有數據,104,正常觀測有數據
"2025-01-30 08:00:00",0,正常觀測有數據,892.6,正常觀測有數據,87,正常觀測有數據,,未觀測而無資料,C0I390,7.2,正常觀測有數據,1.4,正常觀測有數據,104,正常觀測有數據
"2025-01-30 09:00:00",0,正常觀測有數據,892.4,正常觀測有數據,68,正常觀測有數據,,未觀測而無資料,C0I390,10.6,正常觀測有數據,1.8,正常觀測有數據,103,正常觀測有數據
"2025-01-30 10:00:00",0,正常觀測有數據,891.9,正常觀測有數據,57,正常觀測有數據,,未觀測而無資料,C0I390,14.2,正常觀測有數據,1.2,正常觀測有數據,109,正常觀測有數據
"2025-01-30 11:00:00",0,正常觀測有數據,891.1,正常觀測有數據,45,正常觀測有數據,,未觀測而無資料,C0I390,17.7,正常觀測有數據,0.6,正常觀測有數據,105,正常觀測有數據
"2025-01-30 12:00:00",0,正常觀測有數據,890.1,正常觀測有數據,41,正常觀測有數據,,未觀測而無資料,C0I390,17.5,正常觀測有數據,1.9,正常觀測有數據,266,正常觀測有數據
"2025-01-30 13:00:00",0,正常觀測有數據,889.2,正常觀測有數據,38,正常觀測有數據,,未觀測而無資料,C0I390,18.1,正常觀測有數據,2,正常觀測有數據,258,正常觀測有數據
"2025-01-30 14:00:00",0,正常觀測有數據,888.4,正常觀測有數據,38,正常觀測有數據,,未觀測而無資料,C0I390,19.1,正常觀測有數據,1,正常觀測有數據,262,正常觀測有數據
"2025-01-30 15:00:00",0,正常觀測有數據,888,正常觀測有數據,44,正常觀測有數據,,未觀測而無資料,C0I390,18.2,正常觀測有數據,1.9,正常觀測有數據,271,正常觀測有數據
"2025-01-30 16:00:00",0,正常觀測有數據,887.8,正常觀測有數據,48,正常觀測有數據,,未觀測而無資料,C0I390,18,正常觀測有數據,1.3,正常觀測有數據,249,正常觀測有數據
"2025-01-30 17:00:00",0,正常觀測有數據,888,正常觀測有數據,61,正常觀測有數據,,未觀測而無資料,C0I390,15.6,正常觀測有數據,1.7,正常觀測有數據,274,正常觀測有數據
"2025-01-30 18:00:00",0,正常觀測有數據,888.4,正常觀測有數據,74,正常觀測有數據,,未觀測而無資料,C0I390,12.9,正常觀測有數據,3,正常觀測有數據,269,正常觀測有數據
"2025-01-30 19:00:00",0,正常觀測有數據,889,正常觀測有數據,82,正常觀測有數據,,未觀測而無資料,C0I390,11.3,正常觀測有數據,1.7,正常觀測有數據,271,正常觀測有數據
"2025-01-30 20:00:00",0,正常觀測有數據,889.6,正常觀測有數據,85,正常觀測有數據,,未觀測而無資料,C0I390,10.9,正常觀測有數據,0,正常觀測有數據,0,正常觀測有數據
"2025-01-30 21:00:00",0,正常觀測有數據,890,正常觀測有數據,84,正常觀測有數據,,未觀測而無資料,C0I390,10.9,正常觀測有數據,0,正常觀測有數據,0,正常觀測有數據
"2025-01-30 22:00:00",0,正常觀測有數據,889.8,正常觀測有數據,87,正常觀測有數據,,未觀測而無資料,C0I390,10,正常觀測有數據,1.8,正常觀測有數據,103,正常觀測有數據
"2025-01-30 23:00:00",0,正常觀測有數據,890,正常觀測有數據,89,正常觀測有數據,,未觀測而無資料,C0I390,9.4,正常觀測有數據,1.3,正常觀測有數據,96,正常觀測有數據
"2025-01-31 00:00:00",0,正常觀測有數據,889.1,正常觀測有數據,83,正常觀測有數據,,未觀測而無資料,C0I390,9.9,正常觀測有數據,0.9,正常觀測有數據,83,正常觀測有數據
"2025-01-31 01:00:00",0,正常觀測有數據,889.9,正常觀測有數據,85,正常觀測有數據,,未觀測而無資料,C0I390,10.2,正常觀測有數據,0.4,正常觀測有數據,225,正常觀測有數據
"2025-01-31 02:00:00",0,正常觀測有數據,889.1,正常觀測有數據,85,正常觀測有數據,,未觀測而無資料,C0I390,10.5,正常觀測有數據,0.5,正常觀測有數據,71,正常觀測有數據
"2025-01-31 03:00:00",0,正常觀測有數據,888.7,正常觀測有數據,88,正常觀測有數據,,未觀測而無資料,C0I390,10.3,正常觀測有數據,0.8,正常觀測有數據,101,正常觀測有數據
"2025-01-31 04:00:00",0,正常觀測有數據,888.2,正常觀測有數據,84,正常觀測有數據,,未觀測而無資料,C0I390,10.5,正常觀測有數據,0.7,正常觀測有數據,83,正常觀測有數據
"2025-01-31 05:00:00",0.5,正常觀測有數據,888.2,正常觀測有數據,96,正常觀測有數據,,未觀測而無資料,C0I390,9.9,正常觀測有數據,1.5,正常觀測有數據,109,正常觀測有數據
"2025-01-31 06:00:00",0.5,正常觀測有數據,888.8,正常觀測有數據,98,正常觀測有數據,,未觀測而無資料,C0I390,9.8,正常觀測有數據,1.2,正常觀測有數據,95,正常觀測有數據
"2025-01-31 07:00:00",0.5,正常觀測有數據,889.4,正常觀測有數據,95,正常觀測有數據,,未觀測而無資料,C0I390,10.5,正常觀測有數據,1.2,正常觀測有數據,96,正常觀測有數據
"2025-01-31 08:00:00",0,正常觀測有數據,890.2,正常觀測有數據,94,正常觀測有數據,,未觀測而無資料,C0I390,10.9,正常觀測有數據,0.7,正常觀測有數據,105,正常觀測有數據
"2025-01-31 09:00:00",1,正常觀測有數據,890.7,正常觀測有數據,92,正常觀測有數據,,未觀測而無資料,C0I390,11.3,正常觀測有數據,1,正常觀測有數據,48,正常觀測有數據
"2025-01-31 10:00:00",0.5,正常觀測有數據,890.5,正常觀測有數據,91,正常觀測有數據,,未觀測而無資料,C0I390,12,正常觀測有數據,0.9,正常觀測有數據,96,正常觀測有數據
"2025-01-31 11:00:00",1.5,正常觀測有數據,890.4,正常觀測有數據,96,正常觀測有數據,,未觀測而無資料,C0I390,12.1,正常觀測有數據,0.7,正常觀測有數據,87,正常觀測有數據
"2025-01-31 12:00:00",0,正常觀測有數據,889,正常觀測有數據,87,正常觀測有數據,,未觀測而無資料,C0I390,12.9,正常觀測有數據,0.9,正常觀測有數據,58,正常觀測有數據
"2025-01-31 13:00:00",0.5,正常觀測有數據,887.7,正常觀測有數據,91,正常觀測有數據,,未觀測而無資料,C0I390,13.5,正常觀測有數據,0.8,正常觀測有數據,63,正常觀測有數據
"2025-01-31 14:00:00",0,正常觀測有數據,887.3,正常觀測有數據,92,正常觀測有數據,,未觀測而無資料,C0I390,13.5,正常觀測有數據,0.8,正常觀測有數據,88,正常觀測有數據
"2025-01-31 15:00:00",0,正常觀測有數據,886.8,正常觀測有數據,89,正常觀測有數據,,未觀測而無資料,C0I390,14.2,正常觀測有數據,0.4,正常觀測有數據,100,正常觀測有數據
"2025-01-31 16:00:00",0,正常觀測有數據,886.7,正常觀測有數據,87,正常觀測有數據,,未觀測而無資料,C0I390,13.8,正常觀測有數據,0.5,正常觀測有數據,124,正常觀測有數據
"2025-01-31 17:00:00",0,正常觀測有數據,886.7,正常觀測有數據,96,正常觀測有數據,,未觀測而無資料,C0I390,13.6,正常觀測有數據,0.9,正常觀測有數據,92,正常觀測有數據
"2025-01-31 18:00:00",0,正常觀測有數據,886.5,正常觀測有數據,96,正常觀測有數據,,未觀測而無資料,C0I390,13.4,正常觀測有數據,1.9,正常觀測有數據,101,正常觀測有數據
"2025-01-31 19:00:00",0,正常觀測有數據,886.8,正常觀測有數據,97,正常觀測有數據,,未觀測而無資料,C0I390,13,正常觀測有數據,0.3,正常觀測有數據,239,正常觀測有數據
"2025-01-31 20:00:00",0,正常觀測有數據,887.2,正常觀測有數據,98,正常觀測有數據,,未觀測而無資料,C0I390,12.9,正常觀測有數據,0,正常觀測有數據,0,正常觀測有數據
"2025-01-31 21:00:00",0,正常觀測有數據,887.2,正常觀測有數據,98,正常觀測有數據,,未觀測而無資料,C0I390,12.9,正常觀測有數據,0.8,正常觀測有數據,105,正常觀測有數據
"2025-01-31 22:00:00",0.5,正常觀測有數據,887.3,正常觀測有數據,99,正常觀測有數據,,未觀測而無資料,C0I390,12.8,正常觀測有數據,1.2,正常觀測有數據,107,正常觀測有數據
"2025-01-31 23:00:00",0,正常觀測有數據,887.4,正常觀測有數據,99,正常觀測有數據,,未觀測而無資料,C0I390,12.8,正常觀測有數據,0.6,正常觀測有數據,135,正常觀測有數據
"2025-02-01 00:00:00",2.5,正常觀測有數據,887.6,正常觀測有數據,100,正常觀測有數據,,未觀測而無資料,C0I390,12.3,正常觀測有數據,1.1,正常觀測有數據,269,正常觀測有數據
